:020000040800F2
:10000000A8A300202903000821730008B763000893
:100010001D730008C50D000871DE00080000000017
:10002000000000000000000000000000690200085D
:100030007D25000800000000C50200084FAA000846
:100040004303000843030008430300084303000878
:1000500043030008430300087F250008430300080A
:1000600043030008430300088925000843030008F0
:10007000E91900084303000843030008430300088C
:100080004303000843030008430300084303000838
:100090006D0E000843030008430300089325000881
:1000A0004303000843030008430300084303000818
:1000B0004303000843030008430300084303000808
:1000C00043030008430300084303000843030008F8
:1000D0004303000835B400084303000895B4000842
:1000E00043030008430300084303000843030008D8
:1000F00043030008430300084303000843030008C8
:1001000043030008430300084303000843030008B7
:1001100043030008430300084303000843030008A7
:1001200043030008F9190008091A0008A122000871
:100130004303000843030008430300084303000887
:100140007D0E0008430300084303000825730008E0
:10015000B1220008C1220008D1220008A5B400087D
:100160004303000843030008430300084303000857
:100170004303000843030008430300080000000095
:10018000430300084303000800F002F800F05CF8A5
:100190000AA090E8000C82448344AAF10107DA45E2
:1001A00001D100F051F8AFF2090EBAE80F0013F0D8
:1001B000010F18BFFB1A43F001031847E8230100A1
:1001C000082401000A444FF0000C10F8013B13F022
:1001D000070408BF10F8014B1D1108BF10F8015BA0
:1001E000641E05D010F8016B641E01F8016BF9D193
:1001F00013F0080F1EBF10F8014BAD1C0C1B09D1EA
:100200006D1E58BF01F801CBFAD505E014F8016B5B
:1002100001F8016B6D1EF9D59142D6D370470000ED
:100220000023002400250026103A28BF78C1FBD8FF
:10023000520728BF30C148BF0B6070471FB511F08F
:1002400065FA1FBD10B510BD00F002FA1146FFF7A8
:10025000F5FF0EF007FE00F020FA03B4FFF7F2FFFF
:1002600003BC00F023FA00002C4B19680868B0E8C2
:10027000F04F80F30988BFF36F8F4FF0000080F3D9
:10028000118870470000000008480068006880F38B
:1002900008884FF0000080F3148862B661B6BFF39F
:1002A0004F8FBFF36F8F00DF00BF00BF08ED00E08E
:1002B000DFF80C00016841F470010160704700BF75
:1002C00088ED00E0EFF30980BFF36F8F134B1A68DE
:1002D0001EF0100F08BF20ED108A20E9F04F1060CB
:1002E00009B44FF0500080F31188BFF34F8FBFF374
:1002F0006F8F10F081F94FF0000080F3118809BC76
:1003000019680868B0E8F04F1EF0100F08BFB0EC95
:10031000108A80F30988BFF36F8F70473C0000207C
:10032000EFF30580704700000948804709480047FF
:10033000FEE7FEE7FEE7FEE7FEE7FEE7FEE7FEE795
:10034000FEE7FEE704480549054A064B70470000F2
:1003500019AB000889010008A89D0020A8A300206F
:10036000A89F0020A89F002053EA020C00F069809B
:100370002DE9F04B4FF00006002B1FBFB3FA83F5B9
:1003800003FA05F424FA05F65E4012BF1643B2FAEA
:1003900082F502FA05F4C5F120051EBF22FA05FC1C
:1003A00044EA0C04203556EA044C4FEA144418BFC2
:1003B000641C4FF000084FF00009904271EB030CF1
:1003C00039D3002919BFB1FA81F701FA07F6B0FA5B
:1003D00080F700FA07F6C7F120071EBF20FA07FCD6
:1003E00046EA0C062037B6FBF4FCA7EB0507103FE6
:1003F00007F01F0BCBF120060CFA0BFB2CFA06F6CC
:1004000044BFB3460026202FA4BF5E464FF0000B2A
:100410005BEA060C08BF4FF0010B19EB0B09ABFBB5
:10042000027C48EB0608C01B06FB02CC0BFB03CC8E
:1004300071EB0C01C1E70B46024641464846BDE858
:10044000F08B13B54FF000004FF00001AFF30080C8
:10045000BDE81C40704710B5431C02E010F8011BBA
:1004600071B18107FAD14FF0013202C88C1A8C4366
:1004700014EAC211F9D0C01A0A0603D0C01E10BD7A
:10048000C01A10BD0A0401D0801E10BD0902FCD0A4
:10049000401E10BD032A40F2308010F0030C00F023
:1004A000158011F8013BBCF1020F624498BF11F8AE
:1004B00001CB00F8013B38BF11F8013BA2F1040267
:1004C00098BF00F801CB38BF00F8013B11F00303DF
:1004D00000F02580083AC0F0088051F8043B083A43
:1004E00051F804CBA0E80810F5E7121D5CBF51F8E5
:1004F000043B40F8043BAFF30080D20724BF11F85F
:10050000013B11F801CB48BF11F8012B24BF00F8C3
:10051000013B00F801CB48BF00F8012B704710B534
:10052000203AC0F00B80B1E81850203AA0E81850EB
:10053000B1E81850A0E81850BFF4F5AF5FEA027CAC
:1005400024BFB1E81850A0E8185044BF18C918C01B
:10055000BDE810405FEA827C24BF51F8043B40F8BC
:10056000043B08BF7047D20728BF31F8023B48BFA1
:1005700011F8012B28BF20F8023B48BF00F8012BDF
:10058000704702F0FF0343EA032242EA024200F00E
:1005900002B84FF000020429C0F0128010F0030CE2
:1005A00000F01B80CCF1040CBCF1020F18BF00F866
:1005B000012BA8BF20F8022BA1EB0C0100F00DB815
:1005C0005FEAC17C24BF00F8012B00F8012B48BF73
:1005D00000F8012B70474FF0000200B51346944617
:1005E0009646203922BFA0E80C50A0E80C50B1F18B
:1005F0002001BFF4F7AF090728BFA0E80C5048BF9F
:100600000CC05DF804EB890028BF40F8042B08BF3C
:10061000704748BF20F8022B11F0804F18BF00F838
:10062000012B704770477047704710B500F008F80D
:10063000006810BD10B5044600F002F8046010BD5B
:1006400000487047489D002000487047489D0020A2
:100650007546FFF7F9FFAE4605006946534620F0A0
:100660000700854618B020B5FFF76CFEBDE82040B6
:100670004FF000064FF000074FF000084FF0000B5E
:1006800021F00701AC46ACE8C009ACE8C009ACE811
:10069000C009ACE8C0098D46704710B50446AFF3F9
:1006A00000802046BDE81040FFF7D7BD0149182063
:1006B000ABBEFEE72600020070470000B0B5002583
:1006C000B5EB920F33D022F003049FED220A4FEADC
:1006D000920E00EB840C0D4690ED001A95ED005A39
:1006E00090ED012A95ED016A90ED023A95ED027ABE
:1006F00021EE051A90ED034AD5ED030A30EE010A0A
:1007000022EE061A30EE010A23EE071A30EE010A35
:1007100024EE201A30EE010ABEF1010E00F11000A5
:1007200005F11005D8D101EB8401604601E09FED91
:10073000090A12F0030209D0B0EC011AB1EC012A47
:10074000013A21EE021A30EE010AF5D183ED000ADA
:10075000B0BD00BF000000000180428043607047D0
:100760000023B3EB920F20D0930800BF90ED001A46
:1007700090ED012A90ED023A90ED034A21EE001A25
:1007800022EE002A23EE003A24EE004A01F1100C7A
:10079000103081ED001A81ED012A81ED023A81EDE0
:1007A000034A013B6146E1D1614612F0030208BFF2
:1007B000704700BFB0EC011A013A21EE001AA1EC1B
:1007C000011AF7D17047000080B59FED441A9FEDE4
:1007D000443A20EE011AB0EEC11ABDEEC12AB8EEBD
:1007E000C22A31EE421A21EE031ABDEEC12A12EEE0
:1007F000102A02F1800E6FF35F2241F6A05CC0F672
:10080000010C02EE102A6FF35F2E0CEB8203B8EEA0
:10081000422A0CEB8E0231EE421A92ED002A92ED42
:10082000013A93ED004A93ED015A9FED2E7A33EE93
:10083000426A74EE050A20EE877A76EE060A74EEB6
:10084000041ADFED292A37EE607AF0EE080A75EE19
:10085000211A26EE206A61EEA21A21EE077A36EE00
:10086000216A36EE076A21EE066A24EE227A36EE17
:10087000476A21EE066A32EE066A81ED006A35EEBD
:10088000445A32EE036A26EE226A35EE057A36EED7
:10089000476A32EE027A33EE073A25EE205A23EE0B
:1008A000223A21EE066A35EE433A33EE063A21EE5D
:1008B000033A22EE222A32EE032A21EE021A34EE05
:1008C000011AB5EE400AB1EE412AF1EE10FAB8BFB6
:1008D000B0EE421A80ED001A80BD00BF610B363BBE
:1008E00000000044DB0F49BCDB0F493CB0B50025DC
:1008F000B5EB930F31D04FEA930C00BF90ED000A97
:1009000091ED001A00F1100E30EE410A82ED000A5E
:1009100090ED010A91ED011A01F1100430EE410A47
:1009200082ED010A90ED020A91ED021A02F1100522
:1009300030EE410A82ED020A90ED030A91ED031AAE
:10094000BCF1010C30EE410A82ED030A70462A46E2
:100950002146D3D121462A46704613F0030308BF2F
:10096000B0BD00BFB0EC010AB1EC011A013B30EEA2
:10097000410AA2EC010AF5D1B0BD000010B5012278
:100980001021024803F0C6F910BD0000000002402B
:1009900010B500221021024803F0BCF910BD000080
:1009A000000002407047000010B5012211460248C5
:1009B00003F0B0F910BD00000004024010B50022A1
:1009C0000121024803F0A6F910BD00000004024016
:1009D0004278120212B203781A4300EE102AF8EE9F
:1009E000C00A1A4A92ED001A60EE810A91ED0D1AC2
:1009F00060EE810AC1ED0F0AC278120212B283784A
:100A00001A4300EE102AF8EEC00A104A92ED001ABE
:100A100060EE810A91ED0D1A60EE810AC1ED100AB7
:100A20004279120212B203791A4300EE102AF8EE4C
:100A3000C00A064A92ED001A60EE810A91ED0D1A85
:100A400060EE810AC1ED110A70470000B800002075
:100A5000704710B5044603E04FF47A7000F006F8D2
:100A6000201EA4F101018CB2F6D110BD70B5034671
:100A700000BF00BF0020002200BF4FF0E0267569D4
:100A8000A82603FB06F44FF0E026B16910E04FF012
:100A9000E026B06988420BD0884202D20E1A324456
:100AA00002E02E1A0E4432440146A24200D300E076
:100AB000EDE700BF70BD00004278120212B2037869
:100AC0001A4300EE102AD1ED000AB8EEC01A164AF9
:100AD000D2ED001A51EE210AC1ED120AC2781202BB
:100AE00012B283781A4300EE102AD1ED010AB8EE53
:100AF000C01A0D4AD2ED001A51EE210AC1ED130AB7
:100B00004279120212B203791A4300EE102AD1ED93
:100B1000020AB8EEC01A044AD2ED001A51EE210AB8
:100B2000C1ED140A70470000BC00002010B500247D
:100B3000FFF738FFFFF78CFF9FED0C3ADFED0C2A33
:100B40009FED0B2ADFED091A9FED0A1ADFED0A0A65
:100B50009FED0A0A0A4806F0FDFD0DF0BFFD0443B3
:100B60000DF050FE0443204610BD000000000000C0
:100B700000A08C45CDCC4C3E000048430000FA4418
:100B80006C7000207CB50546002000900190FFF7B6
:100B9000FFFE922000F0E2F806226946122000F0E3
:100BA000BDF8FFF7EBFE9DF80100000200B29DF8D2
:100BB000001040EA010400EE104AB8EEC00A5548A1
:100BC000D0ED000A20EE200AD5ED0D0A20EE200A15
:100BD00085ED0F0A9DF80300000200B29DF8021097
:100BE00040EA010400EE104AB8EEC00A4948D0EDD0
:100BF000000A20EE200AD5ED0D0A20EE200A85ED30
:100C0000100A9DF80500000200B29DF8041040EAA9
:100C1000010400EE104AB8EEC00A3E48D0ED000ACA
:100C200020EE200AD5ED0D0A20EE200A85ED110AEE
:100C3000FFF7C4FE08226946002000F06FF8FFF7B6
:100C4000B3FE9DF800000F283ED19DF8030000027E
:100C500000B29DF8021040EA0104D5ED000A00EE52
:100C6000104AB8EEC00A2C4890ED001A50EE010A66
:100C7000C5ED120A9DF80500000200B29DF80410AF
:100C800040EA0104D5ED010A00EE104AB8EEC00AB0
:100C9000214890ED001A50EE010AC5ED130A9DF8A7
:100CA0000700000200B29DF8061040EA0104D5EDED
:100CB000020A00EE104AB8EEC00A174890ED001A7A
:100CC00050EE010AC5ED140AFFF762FEA22000F003
:100CD00045F802226946222000F020F8FFF74EFE78
:100CE0009DF80000C0009DF8011040EA6114B4F5C1
:100CF000806F02DBA4F5006004B200EE104AF8EE4B
:100D0000C00AB4EE001AB3EE070A00EE810A85EDC0
:100D1000150A7CBDB8000020BC00002070B5064656
:100D20000C46154646F0800000F018F806E0552005
:100D300000F014F82070641C681EC5B2002DF6D1B6
:100D400070BD70B504460D4644F0800000F006F812
:100D5000552000F003F8287070BD000001B582B086
:100D60004FF47A70012301AA02A90090024804F00E
:100D700071FC9DF804000EBDA009002010B50246CC
:100D80001378DB00547843EA6410B0F5806F02DB1F
:100D9000A0F5006318B200EE100AF8EEC00AB4EE37
:100DA000001AB3EE070A00EE810A81ED150A10BDA4
:100DB00070B505460C462846FFF7D0FF2046FFF7E2
:100DC000CDFF70BD00BFFEE73EE000BF4FF0FF313A
:100DD00001200FF06DF80128F8D11C4806F070FAD8
:100DE0001B4807F0B7F81B4807F0B4F81A4806F09C
:100DF00099FC19483C3006F095FC1748783006F00D
:100E000091FC1548B43006F08DFC144806F08AFCBD
:100E100012483C3006F086FC1048783006F082FC20
:100E20000F4890ED150ADFED0F0AB4EEE00AF1EE7F
:100E300010FA06D2D0ED150AB0EE600A05F07EFC7D
:100E400002E0002008490860BFE70000F86F0020BA
:100E5000747E0020C47E0020E47C00208880002076
:100E6000B4700020000020423444014010B5024814
:100E700001F025FF10BD00004009002010B5024818
:100E800001F01DFF10BD000068090020F8B50746FD
:100E90000C4615461E464FF400700D4908600020B0
:100EA0008860C86008200861380A0A4908704F70D5
:100EB000200A8870CC70280A08714D71300A887138
:100EC000CE716B460A460249034801F0F8FCF8BDB2
:100ED000F0710020140100206809002038B5044694
:100EE0004FF4FF700849086000208860C86008203F
:100EF0000861200A05498870CC706B460A46024991
:100F0000034801F0DCFC38BDC07100200C0100205A
:100F100040090020F8B506460C4615464FF400700F
:100F20000D49086000208860C86008200861300A08
:100F30000A4908704E70200A8870CC70280A08711F
:100F40004D7100208871C8716B460A4602490448F9
:100F500001F0B5FCF8BD0000C0710020FC000020CD
:100F60004009002038B504464FF4FF700849086076
:100F700000208860C86008200861200A05490870C0
:100F80004C706B460A460249034801F098FC38BD94
:100F9000C071002004010020680900200346042BD2
:100FA00015D007DC7BB1012B0ED0022B0DD0032B0B
:100FB00012D10BE0202B0BD0212B0AD0222B09D0F1
:100FC000232B09D107E008E007E006E005E004E094
:100FD00003E002E001E000E000BF00BF0020704736
:100FE0000020704710B50022044905480AF043FD6F
:100FF000044903480AF030FD002010BD448E002053
:10100000688100204486002038B504460D460E490C
:10101000286808600020009069460C4800680FF0BE
:10102000D3F9009838B14FF0805009490860BFF3F8
:101030004F8FBFF36F8F214606480AF00DFD05481C
:101040000AF0D6FC002038BDF0010020100000207E
:1010500004ED00E06881002010B503460C46002135
:10106000084610BD08B50DF0B8FF009000BF9C48C1
:1010700006F058FB9A483C3006F054FB984878300C
:1010800006F050FB9648B43006F04CFB9FED953AC5
:10109000F2EE042AB2EE042ADFED921A9FED911AC5
:1010A000DFED910A9FED910A8D4806F053FB9FED0D
:1010B0008D3AF2EE042AB2EE042ADFED8A1A9FED91
:1010C000891ADFED890A9FED890A85483C3006F0D0
:1010D00041FB9FED843AF2EE042AB2EE042ADFEDE2
:1010E000811A9FED801ADFED800A9FED800A7C480F
:1010F000783006F02FFB9FED7B3AF2EE042AB2EE39
:10110000042ADFED781A9FED771ADFED770A9FED5D
:10111000770A7348B43006F01DFB9FED720A7448DD
:1011200080ED000A9FED6F0A80ED010A9FED6D0AC8
:1011300080ED060AD3E00DF0BFFC008800EE100A37
:10114000B8EE400A6A4880ED110A0EF099FE0024BC
:1011500013E0E0B20DF07AFCB0F9020000EE100AE4
:10116000B8EEC00ADFED630A20EE200A6048343092
:1011700000EB840080ED000A641C042CE9DB5E486F
:10118000007A012802D10DF0DBFD04E05A48007A14
:1011900008B90EF0E5FD5648D0ED120AB0EE600A2F
:1011A0000DF08EFC524890ED070AB5EEC00AF1EE44
:1011B00010FA14D190ED080AB5EEC00AF1EE10FA5B
:1011C0000DD190ED060AB5EEC00AF1EE10FA06D187
:1011D00000231A4619461846FFF758FE7BE044489C
:1011E00090ED0D1AF0EE410A90ED021AB0EE410AB0
:1011F0003B4806F0F0FA3E4890ED0E1AF0EE410A38
:1012000090ED031AB0EE410A35483C3006F0E3FA9F
:10121000374890ED0F1AF0EE410A90ED041AB0EE47
:10122000410A2F48783006F0D6FA314890ED101A6E
:10123000F0EE410A90ED051AB0EE410A2848B430AC
:1012400006F0C9FA2A492431254806F0A3F92849AD
:10125000283123483C3006F09DF925492C3120489F
:10126000783006F097F9224930311D48B43006F045
:1012700091F91F4824300DF0E9FE1D4828300DF08B
:10128000E5FE1B482C300DF0E1FE194830300DF022
:10129000DDFE174C94ED0C0ABDEEC00A10EE104AAC
:1012A00023B2134C94ED0B0ABDEEC00A10EE104AA7
:1012B00022B20F4C94ED0A0ABDEEC00A10EE104A9D
:1012C00021B20B4C94ED090ABDEEC00A10EE104A93
:1012D00020B2FFF7DBFD012168460DF06BFE2AE727
:1012E000E47C002000000000CDCCCC3D3333733FC4
:1012F000D47D0020F46CD63D207E002096B00CF00A
:1013000061FE41E000BF4FF0FF3101200EF0D0FD43
:101310000128F8D10EF088FE16221C4910A8FFF70C
:10132000B9F80EF0ABFE9DF84000A9282CD19DF82D
:101330004100532828D1152110A80FF0A3F918B3A4
:1013400001A910A80CF096FD0EF06EFE3C2201A93A
:101350000F48FFF79FF80EF091FE0D48008F01280F
:101360000CD10C4908700C48006868B100230222B7
:101370001946094800680FF01BFE05E00448008F7D
:1013800010B9002003490870BCE700005C7E002013
:10139000207E0020600100201800002070B52DED97
:1013A000048B88B0044600200690079001F054F8A2
:1013B000FE4880ED000A00BF01F04EF8FB48D0ED7A
:1013C000000A30EE600AF2EE040AB4EEE00AF1EE32
:1013D00010FA10DD9FEDF60A84ED000A9FEDF40A85
:1013E00084ED000A9FEDF20A84ED000A9FEDF10AF8
:1013F00084ED060A4EE29FEDF00A01F00FF89FED32
:10140000EF0A84ED060A9FEDED0A84ED000A9FEDD8
:10141000EB0A84ED010A9FEDE90A84ED020A002639
:1014200073E1FFF7B5FA9220FFF798FC062206A9B0
:101430001220FFF773FCFFF7A1FA9DF819000002D4
:1014400000B29DF8181040EA010500EE105AB8EEFF
:10145000C00ADB48D0ED000A20EE200A84ED0A0A1B
:101460009DF81B00000200B29DF81A1040EA010529
:1014700000EE105AB8EEC00AD148D0ED000A20EEB6
:10148000200A84ED0B0A9DF81D00000200B29DF8B1
:101490001C1040EA010500EE105AB8EEC00AC84818
:1014A000D0ED000A20EE200A84ED0C0AD4ED0A0AE1
:1014B00060EEA00A94ED0B1AD4ED0B1A41EE210A4E
:1014C00094ED0C1AD4ED0C1A41EE210AB0EE600A2C
:1014D0000DF0D0F8B0EE408A94ED060A30EE080A1E
:1014E00084ED060AFFF76AFA082206A90020FFF732
:1014F00015FCFFF759FA9DF818000F2850D19DF8F8
:101500001B00000200B29DF81A1040EA010500EE2F
:10151000105AB8EEC00AAB48D0ED000A20EE200AFF
:1015200084ED070A94ED000AD4ED070A30EE200A94
:1015300084ED000A9DF81D00000200B29DF81C1009
:1015400040EA010500EE105AB8EEC00A9D48D0ED01
:10155000000A20EE200A84ED080A94ED010AD4ED79
:10156000080A30EE200A84ED010A9DF81F000002EF
:1015700000B29DF81E1040EA010500EE105AB8EEC8
:10158000C00A9048D0ED000A20EE200A84ED090A36
:1015900094ED020AD4ED090A30EE200A84ED020A25
:1015A00006BBF0EE488AB0EE489A002017E004F13E
:1015B0001C0101EB800191ED000A03A901EB800100
:1015C00081ED000A04F11C0101EB800191ED000A9C
:1015D000694601EB800181ED000A411CC8B2032875
:1015E000E5DB49E0B4EEE88AF1EE10FA01DDF0EE59
:1015F000488AB4EEE88AF1EE10FA01D2B0EE489AC9
:10160000002037E004F11C0101EB800191ED000A9C
:1016100003A901EB8001D1ED000AB4EEE00AF1EE7E
:1016200010FA0ADD04F11C0101EB800191ED000AC2
:1016300003A901EB800181ED000A04F11C0101EB1B
:10164000800191ED000A694601EB8001D1ED000AAD
:10165000B4EEE00AF1EE10FA0AD204F11C0101EB3B
:10166000800191ED000A694601EB800181ED000ADD
:10167000411CC8B20328C5DB38EEC90A524880EDC8
:10168000000A002012E003A901EB800191ED000A9D
:10169000694601EB8001D1ED000A30EE600A4B494A
:1016A00001EB800181ED000A411CC8B20328EADB8E
:1016B000454890ED000AF6EE000AB4EEE00AF1EEBD
:1016C00010FA1BDC414890ED000ADFED410AB4EE50
:1016D000E00AF1EE10FA11DC90ED010ADFED3C0AB0
:1016E000B4EEE00AF1EE10FA08DC90ED020ADFED4C
:1016F000380AB4EEE00AF1EE10FA00DD0AE09FEDE0
:10170000350A00F08BFE701C86B233480088864292
:10171000FFF687AE00BFD4ED060A2F48008800EE22
:10172000100AB8EE400A80EE801A84ED061A0020F6
:1017300011E004EB8001D1ED000A2749098800EE91
:10174000101AB8EE400A80EE801A04EB800181ED99
:10175000001A411CC8B20328EBDBFFF719F9A220DD
:10176000FFF7FCFA022206A92220FFF7D7FAFFF7BB
:1017700005F99DF81800C0009DF8191040EA6115A0
:10178000B5F5806F02DBA5F5006005B200EE105ADA
:10179000F8EEC00AB4EE001AB3EE070A00EE810AB2
:1017A00084ED0E0A0D480088401C19E0F00000206E
:1017B00068290E3B7A841D410AD7A33B0000000034
:1017C000B8000020BC000020C0000020A87000204D
:1017D0009A99193E6F12033AEC000020C6000020CF
:1017E00000B277490880774890ED000AF6EE000ACB
:1017F000B4EEE00AF1EE10FA3FF7DEAD94ED060A22
:10180000DFED710A30EE600AB0EEC00AF6EE000AB3
:10181000B4EEE00AF1EE10FAEEDC6C4890ED000A4E
:101820005FED150AB4EEE00AF1EE10FAE4DC90ED9B
:10183000010A5FED190AB4EEE00AF1EE10FADBDC02
:1018400090ED020A5FED1E0AB4EEE00AF1EE10FA26
:10185000D2DC94ED000AB0EEC00ADFED5D0AB4EE12
:10186000E00AF1EE10FAC7DC94ED000AB0EEC00A0F
:10187000DFED570AB4EEE00AF1EE10FABCDC94EDAD
:10188000000AB0EEC00ADFED520AB4EEE00AF1EE53
:1018900010FAB1DC00BF94ED060ADFED4E0A80EECF
:1018A000801A84ED0D1A002680E0FFF771F892206F
:1018B000FFF754FA062206A91220FFF72FFAFFF7C6
:1018C0005DF89DF81900000200B29DF8181040EA7A
:1018D000010500EE105AB8EEC00A3F48D0ED000AEC
:1018E00020EE200AD4ED0D0A20EE200A84ED0A0A2B
:1018F00094ED030ADFED390A20EE200AD4ED0A0A3E
:101900009FED371A00EE810A84ED030A9DF81B0053
:10191000000200B29DF81A1040EA010500EE105ACC
:10192000B8EEC00A2C48D0ED000A20EE200AD4ED13
:101930000D0A20EE200A84ED0B0A94ED040ADFED77
:10194000270A20EE200AD4ED0B0A9FED251A00EE9F
:10195000810A84ED040A9DF81D00000200B29DF882
:101960001C1040EA010500EE105AB8EEC00A1A48F1
:10197000D0ED000A20EE200AD4ED0D0A20EE200A58
:1019800084ED0C0A94ED050ADFED140A20EE200A1E
:10199000D4ED0C0A9FED121A00EE810A84ED050ABF
:1019A0001FED740A00F03AFD701C86B20D480088E5
:1019B0008642FFF67AAF08B0BDEC048B70BD000024
:1019C000C6000020C0000020CDCC1C41A870002023
:1019D0000AD7233CC3F51C41B8000020CDCC4C3FB6
:1019E000CDCC4C3EEE00002010B5024801F09AFD2F
:1019F00010BD0000980C002010B5024801F092FDC7
:101A000010BD0000F80C002010B5FE48C06C006846
:101A1000FD49884276D9FC4854380068F949C96CB8
:101A20000968FA4A914201D1202169E0F549C96C5F
:101A30000968F54A483A914201D1202160E0F14914
:101A4000C96C0968F14A6032914201D1202157E006
:101A5000EC49C96C0968EC4A1832914201D1202145
:101A60004EE0E849C96C0968E84A1832914201D150
:101A7000C91445E0E349C96C0968E34A303A914228
:101A800001D1C9143CE0DF49C96C0968DF4A7832EA
:101A9000914201D1C91433E0DA49C96C0968DA4AC4
:101AA0003032914201D1C9142AE0D649C96C096883
:101AB000D64A3032914202D14FF4001120E0D14990
:101AC000C96C0968D04A183A914202D14FF400110A
:101AD00016E0CC49C96C0968CC4A9032914202D1D7
:101AE0004FF400110CE0C749C96C0968C64A483276
:101AF000914203D14FF4001102E003E04FF0006186
:101B0000084070E1BF48C06C0068C049A8318842F5
:101B100076D9BD4858380068BA49C96C0968BB4ACB
:101B2000914201D1202169E0B649C96C0968B64AE1
:101B3000483A914201D1202160E0B249C96C09685C
:101B4000B24A6032914201D1202157E0AD49C96CBF
:101B50000968AD4A1832914201D120214EE0A949CD
:101B6000C96C0968A94A1832914201D1C91445E0EB
:101B7000A449C96C0968A44A303A914201D1C914F8
:101B80003CE0A049C96C0968A04A7832914201D171
:101B9000C91433E09B49C96C09689B4A30329142B1
:101BA00001D1C9142AE09749C96C0968974A3032B3
:101BB000914202D14FF4001120E09249C96C0968AA
:101BC000914A183A914202D14FF4001116E08D4922
:101BD000C96C09688D4A9032914202D14FF40011CC
:101BE0000CE08849C96C0968874A4832914203D1A0
:101BF0004FF4001102E003E04FF000610840F2E012
:101C00008048C06C006881494831884276D97F4855
:101C1000103840687B49C96C09687C4A914201D1FF
:101C2000202169E07749C96C0968774A483A9142AE
:101C300001D1202160E07349C96C0968734A6032A0
:101C4000914201D1202157E06E49C96C09686E4A62
:101C50001832914201D120214EE06A49C96C0968CD
:101C60006A4A1832914201D1C91445E06549C96CEC
:101C70000968654A303A914201D1C9143CE0614992
:101C8000C96C0968614A7832914201D1C91433E0C4
:101C90005C49C96C09685C4A3032914201D1C9146F
:101CA0002AE05849C96C0968584A3032914202D139
:101CB0004FF4001120E05349C96C0968524A183AA0
:101CC000914202D14FF4001116E04E49C96C0968E7
:101CD0004E4A9032914202D14FF400110CE0494932
:101CE000C96C0968484A4832914203D14FF4001147
:101CF00002E003E04FF00061084074E04348103810
:101D000000684049C96C0968404A914201D12021CC
:101D100068E03C49C96C09683B4A483A914201D1A4
:101D200020215FE03749C96C0968384A6032914226
:101D300001D1202156E03349C96C0968324A183272
:101D4000914201D120214DE02E49C96C09682F4AEA
:101D50001832914201D1C91444E02A49C96C09687A
:101D6000294A303A914201D1C9143BE02549C96C56
:101D70000968264A7832914201D1C91432E02149DA
:101D8000C96C0968204A3032914201D1C91429E056
:101D90001C49C96C09681D4A3032914202D14FF486
:101DA00000111FE01749C96C0968174A183A914297
:101DB00002D14FF4001115E01249C96C0968134AA9
:101DC0009032914202D14FF400110BE00D49C96CE1
:101DD00009680D4A4832914202D14FF4001101E0E6
:101DE0004FF00061084000286FD00648C06C0068C2
:101DF000054988427BD90348C06C00680349884282
:101E000008D105E0A009002058640240106002409B
:101E1000202068E0FE48C06C0068FE49884201D17D
:101E2000202060E0FA48C06C0068FB49884201D17C
:101E3000202058E0F648C06C0068F64960318842BE
:101E400001D120204FE0F248C06C0068F2494839C7
:101E5000884201D1C01446E0ED48C06C0068ED49ED
:101E60001831884201D1C0143DE0E948C06C0068D7
:101E7000E9491831884201D1C01434E0E448C06C0B
:101E80000068E4497831884201D1C0142BE0E04871
:101E9000C06C0068E0493039884202D14FF400102C
:101EA00021E0DB48C06C0068DA493031884202D159
:101EB0004FF4001017E0D648C06C0068D6493031A6
:101EC000884204D14FF400100DE0DFE10FE0D0486C
:101ED000C06C0068CF499031884202D14FF40010A5
:101EE00001E04FF00060CB49091F08606AE1C84873
:101EF000C06C0068C8494831884274D9C448C06C75
:101F00000068C5496039884201D1202066E0C04898
:101F1000C06C0068BF49884201D120205EE0BC4807
:101F2000C06C0068BC49884201D1202056E0B84806
:101F3000C06C0068B7496031884201D120204DE073
:101F4000B348C06C0068B4494839884201D1C01414
:101F500044E0AF48C06C0068AE491831884201D1F6
:101F6000C0143BE0AA48C06C0068AB4918318842F5
:101F700001D1C01432E0A648C06C0068A549783190
:101F8000884201D1C01429E0A148C06C0068A24970
:101F90003039884202D14FF400101FE09C48C06CD9
:101FA00000689C493031884202D14FF4001015E09E
:101FB0009748C06C006898493031884202D14FF48C
:101FC00000100BE09248C06C006892499031884242
:101FD00002D14FF4001001E04FF000608D49083944
:101FE0000860EFE0FFE78A48C06C00688A4918394A
:101FF000884274D98648C06C006887496039884235
:1020000001D1202066E08248C06C00688149884286
:1020100001D120205EE07E48C06C00687E49884285
:1020200001D1202056E07A48C06C006879496031BF
:10203000884201D120204DE07548C06C0068764987
:102040004839884201D1C01444E07148C06C00682E
:1020500070491831884201D1C0143BE06C48C06C13
:1020600000686D491831884201D1C01432E06848D7
:10207000C06C006867497831884201D1C01429E0FA
:102080006348C06C006864493039884202D14FF41B
:1020900000101FE05E48C06C00685E493031884225
:1020A00002D14FF4001015E05948C06C00685A493D
:1020B0003031884202D14FF400100BE05448C06C1C
:1020C000006854499031884202D14FF4001001E079
:1020D0004FF0006050497039C86073E0FFE74C482A
:1020E000C06C00684C496039884201D1202066E00C
:1020F0004748C06C00684749884201D120205EE013
:102100004348C06C00684449884201D1202056E011
:102110003F48C06C00683F496031884201D12020AF
:102120004DE03B48C06C00683B494839884201D1CA
:10213000C01444E03648C06C006836491831884203
:1021400001D1C0143BE03248C06C006832491831FC
:10215000884201D1C01432E02D48C06C00682D497E
:102160007831884201D1C01429E02948C06C006848
:1021700029493039884202D14FF400101FE0244829
:10218000C06C006823493031884202D14FF40010FE
:1021900015E01F48C06C00681F493031884202D1E9
:1021A0004FF400100BE01A48C06C006819499031D8
:1021B000884202D14FF4001001E04FF00060164950
:1021C000703988601548007800F0020078B1134833
:1021D000007820F00200114908700846007840F0AD
:1021E00004000870012211460D4801F093FD0D48CE
:1021F000007800F00200E0B10A48007820F0020008
:10220000084908700846007840F0040008700BE0A8
:10221000A00900201064024070600240910100207B
:10222000000402409201002001221021184801F010
:1022300071FD1848007800F0020078B11548007868
:1022400020F00200134908700846007840F00400AE
:102250000870012210210E4801F05CFD0CF060FCBA
:102260000D48007800F0040080B10B48007820F0A1
:102270000400094908700846007840F0080008701A
:102280000648006840F001000449086010BD0000E5
:10229000000002409301002091010020103C014009
:1022A00010B5024801F03EF910BD0000580A0020A8
:1022B00010B5024801F036F910BD0000380C0020BE
:1022C00010B5024801F02EF910BD0000580D002095
:1022D00010B5024801F026F910BD0000D80B00200F
:1022E0000146087810381823B0FBF3F20848805CE8
:1022F000C865032A05D908686FF30900001D8865C1
:1023000003E008686FF309008865886D7047000076
:10231000F8170108014600208A6A8B69CBB932B1EF
:10232000012A0DD0022A03D0032A10D10EE000BFEB
:10233000CB6A03F08073B3F1807F00D1012007E006
:10234000CB6AB3F1C07F00D1012001E000E000BF03
:1023500034E08B69B3F5005F1AD132B1012A07D09E
:10236000022A03D0032A11D10AE000BF01200EE0A7
:10237000CB6A03F08073B3F1807F00D1012006E0C7
:10238000CB6AB3F1C07F00D1012000E000BF15E0AF
:1023900032B1012A05D0022A04D0032A0CD103E06D
:1023A00000BF00BF012008E0CB6A03F08073B3F1E7
:1023B000807F00D1012000E000BF00BF704730B532
:1023C0000468246824F4802405682C600468636031
:1023D0008468402C04D10468A2600468E16003E0D2
:1023E0000468A1600468E26030BD000008B50848D8
:1023F00040680090074900980968884204D206485E
:102400000068401C0449086002490098086008BD43
:10241000001000E038010020340100200C49486819
:10242000F0EE400A00BF0A494968091A01EE101A85
:10243000F8EE411A074991ED001AB8EE411A20EE64
:10244000811AF4EEC11AF1EE10FAECD370470000D5
:10245000001000E02801002010B52DED028B00F0E7
:1024600025F80F4890ED000AB8EE400A808800EE8B
:10247000900AF8EE600A9FED0B1A00EE810A0848F8
:10248000C08800EE900AF8EE600A9FED071A00EE91
:10249000810AB0EE408AB0EE480ABDEC028B10BD56
:1024A000200100206F12833ABD37863538B52948A0
:1024B00040680090FFF79AFF274800684FF0FF310F
:1024C000A0FB01310098181841F10001234A03C212
:1024D000234800232149026803C9FDF745FF214A2B
:1024E00003C220480CC81E4800680024A2FB001547
:1024F00003FB005002FB04021848D0E90030591ACF
:1025000060EB0200184AC2E900101648006817493B
:102510000860174800231449026803C9FDF724FF27
:1025200012498880084680881149096841430E484D
:10253000D0E90030591A60F100000E4AC2E90010DB
:102540000D4800230B49026803C9FDF70DFF074939
:10255000C88038BD001000E0340100204001002098
:102560002801002048010020500100202001002007
:102570002C0100205801002030010020704710B5C8
:10258000012001F0BFFA10BD10B5102001F0BAFA19
:1025900010BD10B5202001F0B5FA10BD72B600BF15
:1025A000FEE7000008B50CF018FD009000BF614880
:1025B00005F0C2FC604805F0BFFC9FED600A604872
:1025C00080ED000A9FED5D0A80ED010A9FED5B3A08
:1025D000DFED5C2AB0EE002ADFED5B1AB2EE0E1AD8
:1025E000DFED5A0A9FED580A534805F0EEFCDFED87
:1025F000533A9FED543AF7EE002AB2EE002AF1EE7C
:10260000081AB2EE081ADFED520AB7EE000A49487E
:1026100005F0C7FC4FF4FA700CF0C0FC89E04D489F
:10262000007A012803D146480CF0C0FB05E0494878
:10263000007A10B942480DF0D1FB474940480FF0ED
:1026400033F83F480CF032FD3D480FF00BF842489C
:102650005438D0ED1C1A9FED412A61EE821AB0EE7B
:10266000611AD0ED151AF0EE610A3548D0ED001A66
:10267000B0EE610A304805F025FC37485438D0EDFB
:102680001B1A9FED362A61EE821AB0EE611AD0ED68
:10269000161AF0EE610A2A48D0ED011AB0EE610A6E
:1026A000244805F00FFC244805F05AFB244880ED2F
:1026B000020A204805F054FB214880ED030A90ED02
:1026C000030AFFEE000A20EE200A80ED030A2448E8
:1026D0000078012814D01A4991ED030ABDEEC00A12
:1026E00010EE101A08B2FEF7F9FB154991ED020A37
:1026F000BDEEC00A10EE101A08B2FEF733FC14E06B
:1027000017480078012810D10020FEF7E7FB0022CF
:1027100011461046FEF7FEFB9FED080A084880EDC3
:10272000000A9FED060A80ED010A012168460CF0BF
:1027300041FC74E7C47E0020747E0020000000008D
:10274000147F002000008046CDCC4C3F0000F042BA
:1027500000000C43207E00204C700020E62E6542D5
:102760006001002010B5044694ED021A21EE011A12
:10277000D4ED031A94ED032A01EE821AF6EE001A44
:1027800031EE611AF0EE410A94ED021AD4ED051A09
:1027900021EE211AD4ED031A94ED042A01EE821AD7
:1027A000B0EE410A0BF010FEDFED2B0A20EE200AFE
:1027B000DFED2A0A80EE201A84ED151AD4ED020A04
:1027C000B0EE001A60EE810A94ED041A60EE810A00
:1027D00094ED031AF0EE001A21EE211AD4ED051A39
:1027E00041EE610AB0EE600A0BF058FDDFED1A0A07
:1027F00020EE200ADFED190A80EE201A84ED161A69
:1028000094ED021A21EE011AD4ED051A94ED052A71
:1028100001EE821AF6EE001A31EE611AF0EE410A6C
:1028200094ED021AD4ED031A21EE211AD4ED041A04
:1028300094ED052A01EE821AB0EE410A0BF0C4FDB8
:10284000DFED050A20EE200ADFED040A80EE201AF3
:1028500084ED171A10BD000000003443DB0F49401F
:1028600070B50A480468001D0568001D06683444F8
:1028700054B108220649204604F092F80422044983
:102880001031284604F08CF870BD0000107AFF1F4C
:10289000D601002010B5024692F82030012B01D05D
:1028A000022B06D11068406908431468606100205B
:1028B00010BD506A40F4802050620120F8E7F0B566
:1028C00004460D461E4694F8207020688368A86868
:1028D00000B900E000BF012F01D0022F7DD103F02D
:1028E000806030B903F0006018B903F08050002810
:1028F0007ED0C3F30161012088403060A86860B9D0
:10290000B5F800C0E86840EA4C5C206800F5C0708B
:1029100000EB0110C0F800C00FE0D5E901C040EAAB
:10292000CC00D5F80CC040EA0C00D4F800C00CF57F
:10293000C07C0CEB011CCCF80000D5F810C020685E
:1029400000F5C07000EB0110C0F804C0287D01281C
:102950000ED1206800F5C07000EB0110406840F413
:10296000807C206800F5C07000EB0110C0F804C046
:10297000D079000692F806C040EA0C4092F805C0F3
:1029800040EA0C2092F804C040EA0C00D4F800C0E1
:102990000CF5C07C0CEB011CCCF80C00D0780006C8
:1029A00092F802C040EA0C4092F801C040EA0C20C4
:1029B00092F800C040EA0C00D4F800C00CF5C07CCE
:1029C0000CEB011CCCF80800206800F5C07000EB8F
:1029D0000110006840F0010C01E00FE008E0206801
:1029E00000F5C07000EB0110C0F800C00020F0BD81
:1029F000606A40F4001060620120F8E7606A40F409
:102A0000802060620120F2E7F0B504460A4694F89F
:102A10002050012D01D0022D7ED1424901F50071D7
:102A2000086840F001000860086820F47C500860E5
:102A30000868566A40EA06200860107D00F01F060C
:102A4000012000FA06F3C8699843C861A1F5007136
:102A5000D069C8B9D1F80C029843C1F80C0290882B
:102A600080B2968940EA064601F51070576940F831
:102A70003760108880B2168940EA064601F510706A
:102A8000576900EBC7004660D069012819D1D1F819
:102A90000C021843C1F80C02908880B2168840EAF4
:102AA000064601F51070576940F83760908980B28A
:102AB000168940EA064601F51070576900EBC70019
:102AC0004660906928B9D1F804029843C1F804021D
:102AD00004E0D1F804021843C1F80402106928B9CF
:102AE000D1F814029843C1F8140204E0D1F814029A
:102AF0001843C1F81402106A012804D1D1F81C024D
:102B00001843C1F81C02D1F8000220F00100C1F8FE
:102B100000020020F0BDFFE7606A40F480206062A0
:102B20000120F7E700640040704770B5044694F850
:102B30002050012D01D0022D7DD151B92068C068EF
:102B400000F0030080B9606A40F400106062012068
:102B500070BD2068006900F0030028B9606A40F485
:102B6000001060620120F3E7206800F5D87000EBE8
:102B70000110006800F004009060906840B920687F
:102B800000F5D87000EB01100068400D106007E000
:102B9000206800F5D87000EB01100068C008506094
:102BA000206800F5D87000EB0110006800F002000A
:102BB000D060206800F5D87000EB0110406800F08C
:102BC0000F00082802D30820106108E0206800F5F3
:102BD000D87000EB0110406800F00F001061206811
:102BE00000F5D87000EB0110406800F47F40000A47
:102BF0009061206800F5D87000EB01104068000C6F
:102C00005061206800F5D87000EB011080681870E2
:102C1000206800F5D87000EB0110806800F47F4058
:102C2000000A5870206800F5D87000EB0110806829
:102C300000F47F0000E03CE0000C9870206800F594
:102C4000D87000EB01108068000ED870206800F585
:102C5000D87000EB0110C0681871206800F5D870BA
:102C600000EB0110C06800F47F40000A5871206832
:102C700000F5D87000EB0110C06800F47F00000C74
:102C80009871206800F5D87000EB0110C068000E44
:102C9000D87131B92068C06840F020002668F06023
:102CA00005E02068006940F02000266830610020BF
:102CB0004EE7606A40F480206062012048E72DE919
:102CC000F05F04460025206846692068D0F804902B
:102CD000206887682068D0F80CA02068D0F810B071
:102CE0002068D0F8188006F00100002855D007F0C1
:102CF0000100C0B101202168886007F0020018B10E
:102D0000204600F074FB0EE007F0040010B145F41B
:102D1000006508E007F0080010B145F4805502E0B6
:102D2000204600F063FB07F48070C8B14FF4807058
:102D30002168886007F4007018B1204600F059FB44
:102D40000EE007F4806010B145F4005508E007F488
:102D5000006010B145F4804502E0204600F048FBD9
:102D600007F48030C8B14FF480302168886007F4E0
:102D7000003018B1204600F03EFB0EE007F4802042
:102D800010B145F4004508E007F4002010B145F407
:102D9000803502E0204600F02DFB06F0080038B137
:102DA0000AF0100020B145F4007510202168C860B9
:102DB00006F0040040B10AF0080028B1082021689C
:102DC000C860204600F00CFA06F0020038B1206816
:102DD000C06800F0030010B1204600F003FA06F0CE
:102DE000400038B10BF0100020B145F48065102090
:102DF0002168086106F0200040B10BF0080028B1FE
:102E0000082021680861204600F0BEFA06F0100094
:102E100038B12068006900F0030010B1204600F0CE
:102E2000B4FA06F4003040B109F0100028B11020C7
:102E300021684860204600F0A9FA06F4803040B1CD
:102E400009F0080028B1082021684860204600F0F9
:102E5000D3FA06F4004088B309F0040078B306F40E
:102E6000807020B108F0010008B145F0010506F4BA
:102E7000007020B108F0020008B145F0020506F428
:102E8000806020B108F0040008B145F0040506F4A4
:102E90000060A0B108F0700088B108F07000402810
:102EA00017D006DC10280BD020280CD0302819D1E0
:102EB0000CE0502810D0602814D110E01DE019E07B
:102EC00045F008050FE045F010050CE045F0200541
:102ED00009E045F0400506E045F0800503E045F4D3
:102EE000807500E000BF00BF2068806920F070009E
:102EF000216888610420216848602DB1606A2843F8
:102F000060622046FFF710FEBDE8F09F70B50446F2
:102F10000CB9012070BD94F8200010B9204600F0D3
:102F2000AFF82068006840F001002168086000F0F8
:102F3000F7FE05460DE000F0F3FE401B0A2808D915
:102F4000606A40F400306062052084F820000120AF
:102F5000E0E72068406800F001000028EBD020681E
:102F6000006820F002002168086000F0D9FE0546E4
:102F70000DE000F0D5FE401B0A2808D9606A40F435
:102F800000306062052084F820000120C2E720683C
:102F9000406800F002000028EBD1207E012806D115
:102FA0002068006840F080002168086005E0206823
:102FB000006820F0800021680860607E012806D14A
:102FC0002068006840F040002168086005E0206843
:102FD000006820F0400021680860A07E012806D12A
:102FE0002068006840F020002168086005E0206843
:102FF000006820F0200021680860E07E012806D1EA
:103000002068006820F010002168086005E0206852
:10301000006840F0100021680860207F012806D178
:103020002068006840F008002168086005E020681A
:10303000006820F0080021680860607F012806D140
:103040002068006840F004002168086005E02068FE
:10305000006820F0040021680860D4E902010843F8
:1030600021690843616908436168491E0843216872
:10307000C86100206062012084F82000002049E738
:1030800010B586B00446142101A8FDF7A4FA4E49F4
:103090002068884241D14D480068401C4B49086077
:1030A0000846006801280FD100BF00200090484862
:1030B000006840F00070464908600846006800F06B
:1030C0000070009000BF00BF00BF0020009040488B
:1030D0001038006840F008003D4910390860084683
:1030E000006800F00800009000BF00BF03200190BE
:1030F00002200290002003900320049009200590F4
:1031000001A9344800F00CFD00220521142000F034
:103110009BFE142000F084FE54E02F492068884272
:1031200050D100BF002000902948006840F0806026
:10313000274908600846006800F08060009000BFE2
:1031400000BF22480068401C20490860084600680B
:1031500001280FD100BF002000901D48006840F0FA
:1031600000701B4908600846006800F0007000907D
:1031700000BF00BF00BF0020009015481038006855
:1031800040F002001249103908600846006800F05B
:103190000200009000BF00BF60200190022002905A
:1031A00000200390032004900920059001A90B48FA
:1031B00000F0B6FC00220521402000F045FE402032
:1031C00000F02EFE06B010BD00640040200000207C
:1031D00040380240000C02400068004000040240F9
:1031E0007047000010B592B00446614920688842DB
:1031F0005BD102AB0BAA00212046FFF796FC0B988F
:10320000A0F2012030B1012805D0022805D0052800
:1032100049D101E000BF00BF00BF0B98401E5549D7
:1032200008700846007800EB4000534931F8200050
:1032300000B25049097801EB41014F4A02EB81018C
:1032400008819DF809009DF8081040EA01204949CD
:10325000097801EB410122F821009DF80B009DF84F
:103260000A1040EA012000B24249097801EB41010D
:1032700002EB810148809DF80D009DF80C1040EA9A
:10328000012000B23B49097801EB410102EB8101C9
:1032900088809DF80E003749097801EB410102EB67
:1032A0008101887100E000BF5FE0344920688842F6
:1032B0005BD16B4604AA00212046FFF736FC049838
:1032C000A0F2012005284ED2DFE800F00304050635
:1032D000070000BF00BF00BF00BF0498401E284980
:1032E00008700846007800EB4000264931F82000BD
:1032F00000B22349097801EB4101224A02EB810126
:1033000008819DF801009DF8001040EA01201C4949
:10331000097801EB410122F821009DF803009DF896
:10332000021040EA012000B21549097801EB410181
:1033300002EB810148809DF805009DF8041040EAE9
:10334000012000B20E49097801EB410102EB810135
:1033500088809DF806000A49097801EB410102EBDB
:103360008101887100E000BF00BF12B010BD0000F5
:10337000006400401C01002018710020006800401B
:103380001D0100206C71002070477047704770B5B8
:10339000044694F82000012822D1022084F820005D
:1033A0002068006820F001002168086000F0B8FC87
:1033B00005460DE000F0B4FC401B0A2808D9606AFD
:1033C00040F400306062052084F82000012070BDC8
:1033D0002068406800F001000028EBD16062F6E749
:1033E000606A40F4002060620120F0E77047704797
:1033F0007047704770477047704710B504460CB966
:10340000012010BD607920B900202071204600F015
:1034100005F8012060710020F3E7000008B50A4AB2
:10342000016891420FD100BF00210091074909684E
:1034300041F48051054A11601146096801F4805138
:10344000009100BF00BF08BD00300240303802408C
:1034500070B50446A56D00F063FC064694F835008F
:10346000022808D08020606500BF002084F8340066
:1034700000BF012070BD2068006820F016002168A0
:1034800008602068406920F0800021684861206C55
:1034900008B9A06C28B12068006820F008002168F5
:1034A00008602068006820F001002168086010E0D2
:1034B00000F036FC801B05280BD920206065032016
:1034C00084F8350000BF002084F8340000BF0320DA
:1034D000D0E72068006800F001000028E8D194F8E7
:1034E0005C103F208840A860012084F8350000BFB0
:1034F000002084F8340000BF00BFBBE7014691F80C
:103500003500022803D0802048650120704705203F
:1035100081F835000868006820F001000A68106032
:103520000020F3E7F8B50446002000908C480068BE
:103530004FF41651B0FBF1F7A56D2E6894F85C10AE
:1035400008208840304098B12068006800F00400EE
:1035500070B12068006820F004002168086094F8C9
:103560005C1008208840A860606D40F00100606534
:1035700094F85C1001208840304068B120684069B0
:1035800000F0800040B194F85C1001208840A860F1
:10359000606D40F00200606594F85C100420884083
:1035A000304068B12068006800F0020040B194F833
:1035B0005C1004208840A860606D40F004006065E5
:1035C00094F85C1010208840304078B32068006880
:1035D00000F0080050B394F85C1010208840A860F8
:1035E0002068006800F4802080B12068006800F442
:1035F000002028B9206CC8B12046216C884715E00E
:10360000A06C98B12046A16C88470FE02068006844
:1036100000F4807028B92068006820F00800216854
:103620000860206C10B12046216C884794F85C102B
:10363000202088403040002865D02068006800F0D5
:10364000100000285FD094F85C1020208840A8600B
:1036500094F83500052828D12068006820F016006D
:10366000216808602068406920F080002168486176
:10367000206C08B9A06C28B12068006820F0080010
:103680002168086094F85C103F208840A860012001
:1036900084F8350000BF002084F8340000BF206D9E
:1036A00010B12046216D8847F8BD2068006800F4FD
:1036B000802080B12068006800F4002028B9606C88
:1036C00010B12046616C88471DE0E06BD8B1204600
:1036D000E16B884717E02068006800F4807068B9E3
:1036E0002068006820F0100021680860012084F83C
:1036F000350000BF002084F8340000BFE06B10B13B
:103700002046E16B8847606D38B3606D00F00100C2
:10371000F0B1052084F835002068006820F0010031
:103720002168086000BF0098401C0090B84200D992
:1037300005E02068006800F001000028F3D100BF18
:10374000012084F8350000BF002084F8340000BF59
:10375000E06C10B12046E16C884700BFA4E7000090
:10376000380000202DE9F0410446002500F0D8FA89
:10377000074614B90120BDE8F081606A00B100BFBE
:10378000022084F8350000BF002084F8340000BF18
:103790002068006820F00100216808600AE000F05D
:1037A000BFFAC01B052805D920206065032084F8D6
:1037B0003500E0E72068006800F001000028EED145
:1037C0002068056821480540D4E901010843E16803
:1037D00008432169084361690843A1690843E16915
:1037E0000843216A08430543606A042803D1D4E9E9
:1037F0000B0108430543206805602068456925F0F2
:103800000705606A0543606A04280DD1A06A054374
:10381000E06A48B12046FEF77DFD28B14020606592
:10382000012084F83500A6E7206845612046FEF7B0
:1038300057FD064694F85C103F208840B060002099
:103840006065012084F83500002094E73F8010F087
:103850002DE9F04704460D4616461F464FF0000876
:10386000D4F8589000BF94F83400012802D1022007
:10387000BDE8F087012084F8340000BF94F83500DB
:10388000012825D1022084F83500002060653B46E0
:10389000324629462046FEF792FD94F85C103F2000
:1038A0008840C9F808002068006840F016002168C8
:1038B0000860206C28B12068006840F0080021688A
:1038C00008602068006840F001002168086006E098
:1038D00000BF002084F8340000BF4FF002084046CB
:1038E000C6E7000070B5044600F01AFA0646254601
:1038F000681C10B104480078054400BF00F010FABD
:10390000801BA842FAD370BD34000020F0B50C46ED
:10391000002500220023002194E0012606FA01F58B
:1039200004EA0502AA427DD1484E8F0856F8273096
:103930008E07370F0F26BE403340454EB04201D1AF
:10394000002623E0434EB04201D101261EE0424E44
:10395000B04201D1022619E0404EB04201D1032607
:1039600014E03F4EB04201D104260FE03D4EB0427C
:1039700001D105260AE03C4EB04201D1062605E001
:103980003A4EB04201D1072600E008268F073F0FCC
:10399000BE409E4224D1364E36689643344F3E6038
:1039A0003E1D366896433F1D3E60314E0C363668EC
:1039B00096432F4F0C373E603E1F366896433F1F9D
:1039C0003E608E07370F0F2606FA07F31F4E8F084B
:1039D00056F827609E431D4F4FEA910C47F82C6024
:1039E00006684FEA410C032707FA0CF7BE4306604E
:1039F000CF0800F1200656F827604F074FEAD76C32
:103A00000F2707FA0CF7BE434FEAD10C00F120074D
:103A100047F82C60C6684FEA410C032707FA0CF7F9
:103A2000BE4300E00DE0C660466801278F40BE43FC
:103A3000466086684FEA410C032707FA0CF7BE433D
:103A40008660491C1029FFF468AFF0BD08380140BA
:103A5000000002400004024000080240000C024046
:103A6000001002400014024000180240001C0240F6
:103A7000003C014010B50446102C11D11A480078C2
:103A800040F00100184908701848007840F0010023
:103A9000164908701648007828B30BF041F822E068
:103AA000202C0BD11348007840F001001149087018
:103AB0000F480078B8B10BF033F814E0012C12D1A4
:103AC0000DF05CFB01280ED00B490C4800680CF08F
:103AD0007BFC0948006830B1200709490860BFF342
:103AE0004F8FBFF36F8F10BD920100209301002014
:103AF0009501002091010020980100206401002020
:103B000004ED00E010B5044604480068204020B1F0
:103B1000024804602046FFF7ADFF10BD143C014091
:103B2000F8B502460B460025002400200021D6E00F
:103B3000012606FA01F51E6806EA0504AC4274D1B6
:103B40001E7906F00306012E04D01E7906F0030646
:103B5000022E13D190684F000326BE40B0434F00A1
:103B6000DE68BE4030439060506801268E40B0430E
:103B70001E79C6F300168E40304350601E7906F061
:103B80000306032E09D0D0684F000326BE40B04381
:103B90004F009E68BE403043D0601E7906F0030699
:103BA000022E13D1CF0802F1200656F827004E0747
:103BB000F70E0F26BE40B0434F07FF0E1E69BE40F2
:103BC0003043CF0802F1200646F8270010684F0066
:103BD0000326BE40B0431E7906F003064F00BE40E8
:103BE000304310605E6806F44036002E76D000BF89
:103BF000002600963C4E366846F480463A4F3E60BA
:103C00003E46366806F48046009600BF00BF374E39
:103C10008F0856F827008E07370F0F26BE40B04397
:103C2000334EB24202D1002624E057E0314EB24278
:103C300001D101261EE0304EB24201D1022619E028
:103C40002E4EB24201D1032614E02D4EB24201D1D4
:103C500004260FE02B4EB24201D105260AE02A4E7F
:103C6000B24201D1062605E0284EB24201D1072614
:103C700000E008268F073F0FBE4030431B4E8F08E1
:103C800046F82700224E3068A0435E6806F480168E
:103C900006B120431E4E3060361D3068A0435E687A
:103CA00006F4001606B12043194E361D3060184E3A
:103CB000361F3068A0435E6806F4003606B1204324
:103CC000134E361F3060361F3068A0435E6806F41E
:103CD000803606B120430E4E083E3060491C102944
:103CE000FFF426AFF8BD0000443802400838014018
:103CF000000002400004024000080240000C0240A4
:103D0000001002400014024000180240001C024053
:103D1000083C01400AB1816101E00B0483617047F6
:103D200001480068704700002C000020034800682C
:103D30000349097808440149086070472C000020B5
:103D40003400002010B50D48006840F400700B49A5
:103D500008600846006840F4806008600846006813
:103D600040F480700860032000F0ACF80F2000F0F1
:103D700007F800F02BF8002010BD0000003C0240C6
:103D800070B504460E4800784FF47A71B1FBF0F03C
:103D90000C490968B1FBF0F5284601F07FFD08B138
:103DA000012070BD102C07D200222146501E00F0C9
:103DB0004BF80548046001E00120F2E70020F0E73D
:103DC00034000020380000203000002008B500BF7B
:103DD000002000901148006840F480400F490860BE
:103DE0000846006800F48040009000BF00BF00BF9C
:103DF00000200090081F006840F08050091F0860F4
:103E00000846006800F08050009000BF00BF00220C
:103E10000F21901E00F018F808BD00004438024041
:103E20000146084600280DDB00BF00BF00F01F035D
:103E300001229A4043099B0003F1E023C3F80021CB
:103E400000BF00BF00BF70472DE9F05F80460D4600
:103E5000164600270AF006FA074639462A46334630
:103E600001F00700C0F1070ABAF1040F02D94FF0C0
:103E7000040A01E0C0F1070AD14600F1040ABAF1D0
:103E8000070F02D24FF0000A01E0A0F1030AD44666
:103E90004FF0010A0AFA09FAAAF1010A0AEA020A2B
:103EA0000AFA0CFA4FF0010B0BFA0CFBABF1010B09
:103EB0000BEA030B4AEA0B04214640460AF0DAF902
:103EC000BDE8F09F00BF00F00702064B19684FF6EF
:103ED000FF031940044B0B4343EA0221014B1960D5
:103EE00000BF70470CED00E00000FA057047024685
:103EF0001068416200207047F0B503461546186807
:103F0000446A21B944EA05401E68B06219E01868A5
:103F1000806A04EB1044002208E0186800F5827003
:103F200050F8220004EB1044501CC2B2481E9042CC
:103F3000F3D844EA0547186800F582704E1E40F831
:103F400026700020F0BD10B50446D4F8E00408F057
:103F500094FA10BD70B504460D4605EBC50304F197
:103F6000140101EB8301CA682946D4F8E00408F083
:103F700077F970BD70B504460D4605EBC50304F531
:103F8000157101EB8301CA682946D4F8E00408F0F2
:103F9000EFF970BD10B50446D4F8E00408F070FAEB
:103FA00010BD2DE9F04104460D4605F08000802843
:103FB00008D105F00F0000EBC00104F1140000EB84
:103FC000810607E005F00F0000EBC00104F5157055
:103FD00000EB81063146206809F0D4FC07463846DC
:103FE000BDE8F08170B504460E4606F080008028DA
:103FF0000AD106F00F0000EBC00104F1140000EB41
:1040000081050120687009E006F00F0000EBC00197
:1040100004F5157000EB81050020687006F00F00B4
:10402000287000BF94F89404012801D1022070BDCB
:10403000012084F8940400BF2946206809F030F874
:1040400000BF002084F8940400BF00BFEFE770B504
:1040500004460E4606F00F002179884201D901205E
:1040600070BD06F0800080280AD106F00F0000EB3A
:10407000C00104F1140000EB81050120687009E023
:1040800006F00F0000EBC00104F5157000EB810590
:10409000002068700020A87006F00F00287000BF94
:1040A00094F89404012801D10220D9E7012084F872
:1040B000940400BF2946206809F0F0F900BF0020F1
:1040C00084F8940400BF00BFCAE7024601F00F0065
:1040D00000EBC00302F5157000EB830040697047E8
:1040E0002DE9F04705460E4690461F464FF0000961
:1040F00006F0800080280AD106F00F0000EBC00116
:1041000005F1140000EB81040120607009E006F065
:104110000F0000EBC00105F5157000EB81040020D5
:10412000607006F00F002070C8F30A00A0602771CD
:10413000607808B120786083022F01D1002060717F
:1041400000BF95F89404012802D10220BDE8F08751
:10415000012085F8940400BF2146286808F0ACFED1
:1041600000BF002085F8940400BF4846EEE72DE923
:10417000F04105460E461746984606F00F0000EB44
:10418000C00105F5157000EB8104E760C4F81080EC
:1041900000206061607006F00F002070A87901288F
:1041A00000D1E761AA792146286809F00BFA0020BE
:1041B000BDE8F08170B504460D4605F00F00217989
:1041C000884201D9012070BD05F0800080280AD105
:1041D00005F00F0000EBC00104F1140000EB8106B4
:1041E0000120707007E005EBC50104F5157000EBC8
:1041F0008106002070700120B07005F00F00307053
:1042000000BF94F89404012801D10220DBE70120CB
:1042100084F8940400BF3146206809F086F905F05F
:104220000F0028B9A17904F29C42206809F0FEF839
:1042300000BF002084F8940400BF00BFC3E72DE94D
:10424000F04105460E461746984606F00F0000EB73
:10425000C00105F1140000EB8104E760C4F8108090
:10426000002060610120607006F00F002070A879C6
:10427000012800D1E761AA792146286809F0A2F94E
:104280000020BDE8F0812DE9FE4F0446D4F800B0CF
:104290005E46206809F08FFC002874D1206809F080
:1042A000C9FC08B9BDE8FE8F40F608008059C0F38C
:1042B0000D20C4F8D404206809F0BCFC00F0020012
:1042C000022805D12068406900F002002168486199
:1042D000206809F0AFFC00F01000102845D12068DC
:1042E000806920F0100021688861DBF8209009F0D7
:1042F0000F0000EBC00104F5157000EB810AC9F353
:10430000434002281AD147F6F07009EA000030B3A2
:10431000C9F30A125846DAF80C1009F090FCC9F3F8
:104320000A11DAF80C000844CAF80C00C9F30A11A3
:10433000DAF814000844CAF8140010E0C9F3434046
:1043400006280CD1082204F29C41584609F077FC5B
:10435000C9F30A11DAF814000844CAF814002068F6
:10436000806940F0100021688861206809F062FCD3
:1043700000F40020B0F5002F7BD10025206809F063
:1043800029FC029072E0E1E2029800F001000028AE
:1043900068D0E9B2206809F040FC804608F00100CE
:1043A00048B1012106F5306000EB451081602946D7
:1043B000204602F0F1FF08F00800082809D1082182
:1043C00006F5306000EB451081602946204602F07A
:1043D000B1FF08F01000102805D1102106F530605B
:1043E00000EB4510816008F00200022824D1DBF8C0
:1043F000140000F08000802807D140F604008059A6
:1044000040F4806140F60400815105EBC50104F5DC
:10441000157000EB810A9AF80300012806D10020EC
:104420008AF80300E9B2204600F09BFA022106F563
:10443000306000EB4510816008F02000202805D195
:10444000202106F5306000EB4510816008F4005033
:10445000B0F5005F06D14FF4005106F5306000EB77
:10446000451081606D1C0298400802900298002857
:104470008AD1206809F0DEFB00F48020B0F5802F9F
:104480007DD1206809F09CFB029000259AE00298FB
:1044900000F00100002873D0E9B2206809F0A4FB05
:1044A000804608F00100F0B305F00F0101208840BC
:1044B000019040F634008159019821EA000040F64D
:1044C00034018851012106F5106000EB4510816030
:1044D000A079012824D105EBC50104F1140000EBFB
:1044E000810005EBC502C16804F1140000EB8200F5
:1044F0008068014405EBC50204F1140000EB820062
:10450000C1606DB905EBC50104F1140000EB810039
:10451000006928B904F29C420121206808F086FF56
:10452000E9B2204600E001E0FFF714FD08F00800C2
:10453000082805D1082106F5106000EB45108160C0
:1045400008F01000102805D1102106F5106000EBCE
:104550004510816008F04000402805D1402106F553
:10456000106000EB4510816008F0020002281DD1A8
:104570002946584609F0ABFA05EBC50101E025E0F4
:104580001CE004F1140000EB810A9AF803000128F2
:1045900006D100208AF80300E9B2204600F0D8F9DD
:1045A000022106F5106000EB4510816008F08000E4
:1045B000802803D12946204602F090FF6D1C029806
:1045C00040080290029800287FF461AF206809F04B
:1045D00031FB00F00040B0F1004F1CD140F6040068
:1045E000805920F0010140F60400815194F8CC0478
:1045F000012807D1002084F8CC0400212046FFF7D1
:1046000075FC02E0204600F0E1FA2068406900F005
:10461000004021684861206809F00CFB00F400604C
:10462000B0F5006F0ED140F60800805900F001008F
:1046300010B1204600F022FB2068406900F40060C1
:1046400021684861206809F0F5FA00F48050B0F55F
:10465000805F7ED140F60400805920F0010140F6D1
:10466000040081511021206809F031FA002732E05E
:104670004FF67F3106F5106000EB4710816006F5BC
:10468000106000EB4710006820F4001106F5106080
:1046900000EB471001604FF67F3106F5306000EB0C
:1046A0004710816006F5306000EB4710006820F489
:1046B000001106F5306000EB4710016006F5306030
:1046C00000EB4710006840F0006106F5306000EB39
:1046D000471001607F1C2079B842C9D840F61C0001
:1046E000805940F0011140F61C008151E07B70B10F
:1046F000D6F8840840F00B01C6F8841840F6440050
:10470000805940F00B0140F6440081510FE040F623
:104710001400805942F22B01084340F614018851DD
:10472000081F805940F00B014FF401608151D6F809
:10473000000820F4FE60C6F80008A17904F29C424B
:10474000206808F073FE2068406900F480502168FA
:1047500000E000E04861206809F06CFA00F40050C5
:10476000B0F5005F17D1206808F00EFC206809F052
:104770000FFAE07100F05EFB0090E279206800998A
:1047800009F0E0FA204600F009FA2068406900F4D8
:10479000005021684861206809F04CFA00F00800D8
:1047A000082808D1204600F018FA2068406900F077
:1047B000080021684861206809F03CFA00F0800098
:1047C000802818D1DBF8180020F08000CBF8180002
:1047D00001250DE005EBC50104F5157000EB810026
:1047E000C078012803D1E9B22046FFF7DAFB6D1C3F
:1047F0002079A842EED8206809F01CFA00F4801055
:10480000B0F5801F2DD1012522E006F5106000EBE8
:104810004510D0F8009005EBC50104F1140000EB41
:1048200081000079012812D109F00040B0F1004F59
:104830000DD1012105EBC50204F1140000EB82004B
:10484000C170E8B240F080012046FFF7AAFB6D1C62
:104850002079A842D9D82068406900F480102168E6
:104860004861206809F0E6F900F40010B0F5001F77
:1048700044D1012538E006F5306000EB4510D0F852
:10488000009005EBC50104F5157000EB810000797F
:10489000012828D109F00040B0F1004F23D194F84D
:1048A000D40400F00100C9F3004188421BD101216A
:1048B00005EBC50204F5157000EB8200C170DBF852
:1048C000180040F08000CBF81800DBF8140000F06E
:1048D000800040B940F60400805940F4007140F671
:1048E0000400815103E06D1C2079A842C3D800BFA9
:1048F0002068406900F4001021684861206809F0D0
:1049000099F900F08040B0F1804F08D12046FFF7C0
:104910001AFB2068406900F08040216848612068E7
:1049200009F088F900F0040004280FD12068D0F8BD
:10493000049009F00400042802D12046FFF72AFB66
:104940002068406840EA09002168486000BFA9E487
:1049500070B504460D462946D4F8E00407F0FCFD86
:1049600070BD70B504460D462946D4F8E00407F042
:1049700017FE70BDF8B504460CB90120F8BD2668D5
:1049800094F8950428B9002084F89404204600F097
:10499000A1F8032084F89504B6F1A04F01D10021BD
:1049A000A171206808F03AFD207C8DF8000094E8A1
:1049B0000F0008F0FDFA20B1022084F895040120D0
:1049C000DCE70021206809F06AF920B1022084F8B0
:1049D00095040120D2E7002531E0012105EBC50255
:1049E00004F1140000EB8200417005EBC50104F1F5
:1049F000140000F8215005EBC50100EB8100458350
:104A0000002105EBC50204F1140000EB82000171E6
:104A100005EBC50204F1140000EB8200816005EB98
:104A2000C50204F1140000EB8200C16005EBC50271
:104A300004F1140000EB82000161681CC5B220790A
:104A4000A842CADC00252AE0002105EBC50204F5D6
:104A5000157000EB8200417005EBC50104F515707F
:104A600000F82150002105EBC50200EB8200017126
:104A700005EBC50204F5157000EB8200816005EBC3
:104A8000C50204F5157000EB8200C16005EBC5029C
:104A900004F5157000EB82000161681CC5B2207935
:104AA000A842D1DC207C8DF8000094E80F0008F0CB
:104AB000C1FB20B1022084F8950401205EE70020AC
:104AC0006074012084F89504206808F0A1FB0020A0
:104AD00054E7000010B586B00446142101A8FBF786
:104AE0007AFD2068B0F1A04F51D100BF00200090A6
:104AF0002848006840F00100264908600846006820
:104B000000F00100009000BF00BF4FF4C0500190C2
:104B10000220029001200390032004900A200590B7
:104B200001A91D48FEF7FCFF4FF4806001900220B0
:104B3000029000200390032004900A20059001A910
:104B40001548FEF7EDFF00BF1248001D006840F059
:104B500080001049091D086000BF002000900D482A
:104B60001430006840F480400A4914310860084657
:104B7000006800F48040009000BF00BF00BF00222A
:104B800005214320FFF760F94320FFF749F906B0FC
:104B900010BD0000303802400000024070B50446ED
:104BA0000125E07908B9002506E0E079022801D165
:104BB000012501E0FDF7F2FC2946D4F8E00407F0F6
:104BC00099FDD4F8E00407F03FFD70BD10B5044630
:104BD000D4F8E00407F06FFD10BD10B50446D4F81A
:104BE000E00407F073FD10BD70B504460D4600BF2C
:104BF00094F89404012801D1022070BD012084F8AA
:104C0000940400BF65742946206809F07CF800BF51
:104C1000002084F8940400BF00BFEEE710B50446FE
:104C200004F29C41D4F8E00407F07BFD10BD70B5A0
:104C30000446256800BF94F89404012801D102209D
:104C400070BD012084F8940400BFE86800F04000C3
:104C500030B1607B012803D1A86B40F48030A86399
:104C6000206808F005FF206808F0C0FA00BF0020A7
:104C700084F8940400BF00BFE2E7000010B50446CA
:104C8000D4F8E00407F0AAFD2068D0F8000E40F048
:104C900001002168C1F8000EE07A28B103480068DD
:104CA00040F006000149086010BD000010ED00E072
:104CB00070B504460D460CB9012070BD5848006817
:104CC00000F00700A84209D255490D700846006857
:104CD00000F00700A84201D00120EEE7207800F0A4
:104CE000020002281DD1207800F00400042805D11C
:104CF0004C48006840F4E0504A490860207800F0D1
:104D00000800082805D14748006840F4604045493C
:104D100008604448006820F0F000A1680843414959
:104D20000860207800F00100A8B36068012807D16E
:104D30003C4808380068C0F34040B8B90120BCE7DF
:104D40006068022802D06068032807D13548083817
:104D50000068C0F3406048B90120AEE73148083828
:104D60000068C0F3400008B90120A6E72D4800689C
:104D700020F00300616808432A490860FEF7D0FF6D
:104D8000064609E0FEF7CCFF801B41F288318842DD
:104D900002D9032091E707E02248006800F00C00E8
:104DA0006168B0EB810FEDD11D48006800F007008D
:104DB000A84209D91A490D700846006800F007009A
:104DC000A84201D0012078E7207800F004000428F0
:104DD00007D11448006820F4E050E1680843114905
:104DE0000860207800F00800082808D10D48006805
:104DF00020F46040216940EAC1000A49086000F0DF
:104E00003FF808490968C1F30311074A515CC840DB
:104E10000649086006480068FEF7B2FF00204CE72C
:104E2000003C024008380240001801083800002009
:104E30003000002001480068704700003800002062
:104E400000B5FFF7F7FF04490968C1F38221034A5F
:104E5000515CC84000BD000008380240101801082D
:104E600000B5FFF7E7FF04490968C1F34231034A7F
:104E7000515CC84000BD000008380240101801080D
:104E80002DE9F047002400250026A14625480068AA
:104E900000F00C0020B1042805D008283AD105E024
:104EA000DFF8849039E0DFF8849036E01D48001F79
:104EB000006800F03F041B48001F006800F48000F9
:104EC00078B11A481749091F0968C1F38811A0FB76
:104ED00001700146224600233846FBF745FA054695
:104EE0000EE011480F49091F0968C1F38811A0FBA2
:104EF00001700146224600233846FBF735FA054685
:104F00000848001F0068C0F30140401C4600B5FB84
:104F1000F6F902E0DFF8109000BF00BF4846BDE898
:104F2000F0870000083802400024F400001BB7009E
:104F3000F8B504460CB90120F8BD207800F0010056
:104F4000002874D0F948006800F00C0004280DD047
:104F5000F648006800F00C00082813D1F348001F41
:104F6000006800F48000B0F5800F0BD1EF480838DE
:104F70000068C0F34040002859D06068002856D12E
:104F80000120D9E700BF6068B0F5803F08D1E7484D
:104F90000838006840F48030E449083908601EE0B1
:104FA0006068B0F5A02F0DD1E0480838006840F4E3
:104FB0008020DE49083908600846006840F48030E7
:104FC00008600CE0D9480838006820F48030D749E0
:104FD000083908600846006820F48020086000BF97
:104FE000606890B1FEF79CFE054606E0FEF798FE6D
:104FF000401B642801D903209EE7CC48083800688C
:10500000C0F340400028F1D011E0FEF789FE0546CC
:1050100006E0FEF785FE401B642801D903208BE7DC
:10502000C24808380068C0F340400028F1D1207819
:1050300000F0020002285FD1BC48006800F00C00BC
:1050400058B1BA48006800F00C0008281CD1B748D5
:10505000001F006800F48000B0B9B4480838006848
:10506000C0F3400020B1E068012801D0012063E7CF
:10507000AE480838006820F0F800216940EAC10015
:10508000AA490839086037E0E06800B30120A84960
:105090000860FEF745FE054606E0FEF741FE401BB0
:1050A000022801D9032047E7A04808380068C0F368
:1050B00040000028F1D09D480838006820F0F80032
:1050C000216940EAC10099490839086014E00020CC
:1050D00097490860FEF724FE054606E0FEF720FE2D
:1050E000401B022801D9032026E7904808380068B1
:1050F000C0F340000028F1D1207800F00800082813
:105100002CD16069A8B101208A490860FEF708FE29
:10511000054606E0FEF704FE401B022801D90320E5
:105120000AE782486C300068C0F340000028F1D0E4
:1051300014E000207F490860FEF7F2FD054606E016
:10514000FEF7EEFD401B022801D90320F4E6774864
:105150006C300068C0F340000028F1D1207800F0E6
:105160000400042870D1002770483830006800F02F
:10517000805090B900BF002000906C483830006823
:1051800040F080506949383108600846006800F0F6
:105190008050009000BF00BF01276748006800F4FE
:1051A0008070B0B96448006840F48070624908605B
:1051B000FEF7B6FD054606E0FEF7B2FD401B0228ED
:1051C00001D90320B8E65C48006800F4807000282C
:1051D000F2D000BFA068012808D1544868300068A8
:1051E00040F001005149683108601DE0A0680528C1
:1051F0000DD14E486830006840F004004B496831DA
:1052000008600846006840F0010008600CE047486C
:105210006830006820F001004449683108600846A1
:10522000006820F00400086000BFA068A8B1FEF785
:1052300077FD054609E0FEF773FD401B41F288311A
:10524000884202D9032077E626E0384868300068B3
:10525000C0F340000028EED013E0FEF761FD0546E4
:1052600008E0FEF75DFD401B41F28831884201D91C
:10527000032061E62D4868300068C0F34000002834
:10528000EFD1012F07D129483830006820F0805035
:1052900026493831086000BFA069002845D023485E
:1052A000006800F00C0008285DD0A069022845D1F4
:1052B00000201F490866FEF733FD054606E0FEF7AD
:1052C0002FFD401B022801D9032035E61748083876
:1052D0000068C0F340600028F1D1D4E90701084319
:1052E000616A40EA81110122A06AC2EB500041EAE2
:1052F00000412C20005D41EA00600C49091F086054
:1053000001200B490866FEF70BFD054606E0FEF797
:1053100007FD401B022801D903200DE60348083889
:105320000068C0F340600028F1D049E0083802402E
:1053300000004742800E4742007000400020214993
:105340000866FEF7EDFC054606E0FEF7E9FC401BAB
:10535000022801D90320EFE51B480068C0F3406034
:105360000028F2D12CE0A069012800D1E4E516481C
:10537000001D0668A069012820D006F48001E069BC
:1053800081421BD106F03F01206A814216D147F6C7
:10539000C0703040616AB0EB811F0FD106F440311C
:1053A0000122A06AC2EB5000B1EB004F06D106F01B
:1053B00070612C20005DB1EB006F01D00120BBE5D6
:1053C0000020B9E5000047420038024010B504460D
:1053D0000CB9012010BD607920B900202071204651
:1053E00000F00EF8022060712068006840F00400B0
:1053F00021680860012060710020A06000BFE9E71B
:1054000008B50A4A016891420FD100BF00210091FE
:105410000749096841F04001054A116011460968D1
:1054200001F04001009100BF00BF08BD0008065018
:105430003438024010B504460CB9012010BD606A32
:1054400038B96068B0F5827F00D105E00021E161E4
:1054500002E00021216161610021A16294F8510004
:1054600028B9002084F85000204600F047F80220B8
:1054700084F851002068006820F04000216808602E
:10548000A08800F48270218901F404410843A189B5
:1054900001F400610843217C01F002010843217DF1
:1054A00001F001010843218B01F400710843217FC1
:1054B00001F0380108432021095D01F08001084313
:1054C000218D01F400510843216808600421A0697E
:1054D00001EA104094F8241001F0100108432168FB
:1054E00048602068C06920F400602168C86100201D
:1054F0006065012084F8510000209FE710B586B058
:105500000446142101A8FBF766F84B49206888423D
:105510007ED100BF002000904848006840F48050D1
:10552000464908600846006800F48050009000BFBB
:1055300000BF00BF0020009040481438006840F0D1
:1055400002003E49143908600846006800F0020075
:10555000009000BF00BF00BF002000900846006818
:1055600040F0010008600846006800F0010000906B
:1055700000BF00BF1820019002200290012003907C
:10558000032004900520059001A92D48FEF7C8FAD4
:1055900080200190022002900120039003200490BB
:1055A0000520059001A92748FEF7BAFA26482749A1
:1055B00008604FF0C0604860002124488160C160ED
:1055C0004FF480610161002141618161C1614FF44B
:1055D0004031016200214162FEF7C4F808B1FCF7D6
:1055E000DDFF00BF1948E064846300BF164818302F
:1055F000174908604FF0C06048604021144881603E
:105600000021C1604FF4806101610021416100E02F
:1056100010E08161C1614FF40031016200214162FB
:10562000FEF7A0F808B1FCF7B9FF00BF0848A06476
:10563000846300BF06B010BD003001404438024012
:10564000000402400000024040640240F8090020CB
:10565000580A00202DE9FE4F04460F4690461D468D
:105660000C9E01200190FEF75BFB814694F851B03F
:1056700060680290AA46BBF1010F0BD00298B0F50A
:10568000827F04D1A06810B9BBF1040F02D00220C0
:10569000BDE8FE8F1FB1B8F1000F00D00DB9012099
:1056A000F6E700BF94F85000012801D10220EFE78F
:1056B000012084F8500000BF94F85100042802D063
:1056C000052084F8510000206065C4F83880E58723
:1056D000A5872763E586A586206460642068006846
:1056E00000F04000402805D02068006840F04000ED
:1056F00021680860E068B0F5006F52D1606810B1B1
:10570000BAF1010F09D1206B00882168C860206BB5
:10571000801C2063E08E401EE0863BE020688068AD
:1057200000F00200022810D1E08E70B1019801282B
:105730000BD1206B00882168C860206B801C20631F
:10574000E08E401EE086002001902068806800F016
:10575000010068B1E08F58B12068C068A16B088073
:10576000A06B801CA063E08F401EE08701200190A9
:10577000FEF7D6FAA0EB0900B0420BD3701C48B17B
:10578000012084F8510000BF002084F8500000BFC1
:1057900003207DE7E08E0028C0D1E08F0028BDD136
:1057A00052E0606810B1BAF1010F09D1206B0078A6
:1057B00021680873206B401C2063E08E401EE08649
:1057C0003CE02068806800F00200022810D1E08EE2
:1057D00070B1019801280BD1206B00782168087303
:1057E000206B401C2063E08E401EE086002001906C
:1057F0002068806800F0010068B1E08F58B120682F
:10580000C068A16B0870A06B401CA063E08F401EB5
:10581000E08701200190FEF783FAA0EB0900B04277
:1058200001D3701C00B94EB9012084F8510000BFAB
:10583000002084F8500000BF032029E7E08E0028F4
:10584000BFD1E08F0028BCD14A463146204605F042
:1058500045F840B12020606500BF002084F850006A
:1058600000BF012014E7A06850B900BF00200090DD
:105870002068C068009020688068009000BF00BF6A
:10588000012084F8510000BF002084F8500000BFC0
:10589000606D08B10120FBE60020F9E670B5044612
:1058A0002546681EB0F1807F01D301200FE0681EFD
:1058B0004FF0E02148610F214FF0FF3008F0DAFC93
:1058C00000204FF0E021886107200861002070BDB2
:1058D00010B504460CB9012010BD94F83D0028B95C
:1058E000002084F83C00204600F026F8022084F8CE
:1058F0003D00211D206805F019F9012084F84600BB
:1059000000BF84F83E0001213F2001554020015591
:105910004120015500BF00BF012084F84200432010
:105920000155442001554520015500BF012084F850
:105930003D000020D0E7000008B50A4A0168914206
:105940000FD100BF002100910749096841F40031DF
:10595000054A11601146096801F40031009100BF49
:1059600000BF08BD004401404438024010B586B075
:105970000446142101A8FAF72EFE12492068884235
:105980001DD100BF002000900F48006840F02000AB
:105990000D4908600846006800F02000009000BF34
:1059A00000BF4020019002200290012003900220BD
:1059B00004900320059001A90448FEF7B1F806B051
:1059C00010BD000000440140303802400014024085
:1059D0002DE9F04104460D461646002700BF94F815
:1059E0003C00012802D10220BDE8F081012084F8AA
:1059F0003C0000BF36B1042E1BD0082E31D00C2E37
:105A00005ED145E02946206805F012F920688069DA
:105A100040F00800216888612068806920F0040057
:105A20002168886120688069296908432168886144
:105A300048E02946206805F033F92068806940F481
:105A40000060216888612068806920F48060216896
:105A5000886120688069296940EA0120216888619D
:105A600030E02946206805F059F92068C06940F007
:105A700008002168C8612068C06920F0040021681E
:105A8000C8612068C069296908432168C86119E0B4
:105A90002946206805F07EF92068C06940F400605E
:105AA0002168C8612068C06920F480602168C861ED
:105AB0002068C069296940EA01202168C86101E0C5
:105AC000012700BF00BF00BF002084F83C0000BFDA
:105AD000384689E710B504460CB9012010BD94F88A
:105AE0003D0028B9002084F83C00204600F025F84D
:105AF000022084F83D00211D206805F017F80120E0
:105B000084F8460000BF84F83E0001213F20015583
:105B1000402001554120015500BF00BF012084F8FD
:105B2000420043200155442001554520015500BF46
:105B3000012084F83D000020D0E7704770B504468E
:105B40000D4615B994F83E000BE0042D02D13F201C
:105B5000005D06E0082D02D14020005D01E04120FB
:105B6000005D012801D0012070BD1DB9022084F81C
:105B70003E000EE0042D03D102213F20015508E034
:105B8000082D03D102214020015502E002214120CD
:105B9000015501222946206805F038F8234920687C
:105BA000884203D022492068884201D1012000E0C8
:105BB000002028B12068406C40F40040216848640F
:105BC0001A49206888421BD02068B0F1804F17D056
:105BD00018492068884213D01749206888420FD09E
:105BE0001649206888420BD011492068884207D0A6
:105BF00013492068884203D01249206888420CD19A
:105C00002068806800F00706062E0CD02068006827
:105C100040F001002168086005E02068006840F05D
:105C200001002168086000209EE70000000001409C
:105C3000000401400004004000080040000C004047
:105C40000040014000180040F8B504460D461646D5
:105C500094F8420020282DD105B10EB90120F8BDDD
:105C6000012020630020606332462946204605F06B
:105C700045FB0746206B012819D100BF002000908A
:105C800020680068009020684068009000BF00BF56
:105C900000BF00BF21680C3151E8001F41F0100027
:105CA00021680C3141E80002002AF3D100E001270D
:105CB0003846D4E70220D2E7704770472DE9F84F05
:105CC0000446206805682068C668206847694FF068
:105CD0000009CA4605F00F09B9F1000F0AD105F015
:105CE000200038B106F0200020B1204605F072F9FE
:105CF000BDE8F88FB9F1000F7CD007F0010018B9AA
:105D000006F49070002875D005F0010030B106F45B
:105D1000807018B1606C40F00100606405F0040010
:105D200030B107F0010018B1606C40F0020060640F
:105D300005F0020030B107F0010018B1606C40F0CE
:105D40000400606405F0080048B106F0200010B9B6
:105D500007F0010018B1606C40F008006064606CEE
:105D6000002846D005F0200028B106F0200010B130
:105D7000204605F02FF920684069C0F3801A606C56
:105D800000F0080010B9BAF1000F2DD0204605F040
:105D9000C8F82068406900F04000402820D100BFCA
:105DA00000BF2168143151E8001F21F04000216834
:105DB000143141E80002002AF3D100BFE06B50B17A
:105DC0007F48E16B0865E06BFDF798FB88B1E06BFD
:105DD000016D88470DE02046FFF76FFF09E009E0FD
:105DE0002046FFF76AFF04E02046FFF766FF002029
:105DF00060647DE7206B012878D105F01000002851
:105E000074D006F010000028FAD000BF00200090E7
:105E100020680068009020684068009000BF00BFC4
:105E20002068406900F04000402870D1E06B0068B5
:105E300040681FFA80F8B8F1000F58D0A08D404597
:105E400055DDA4F82E80E06BC069B0F5807F43D0AB
:105E500000BF00BF21680C3151E8001F21F48070A1
:105E600021680C3141E80002002AF3D100BF00BFD5
:105E700000BF2168143151E8001F21F001002168A2
:105E8000143141E80002002AF3D100BF00BF00BF77
:105E90002168143151E8001F21F0400021681431BD
:105EA00041E80002002AF3D100BF202084F842001C
:105EB0000020206300BF00BF21680C3151E8001FA3
:105EC00021F0100021680C3141E80002002AF3D1D2
:105ED00000BFE06BFDF7BCFA02206063A08DE28D8D
:105EE000801A81B22046FFF7E7FE0EE052E0A08D57
:105EF00040450AD1E06BC069B0F5807F05D1022032
:105F00006063A18D2046FFF7D7FEF1E6FFE7A08D85
:105F1000E18D401A1FFA80F8E08DD0B3B8F1000F80
:105F200037D000BF00BF21680C3151E8001F21F4B9
:105F3000907021680C3141E80002002AF3D100BFC3
:105F400000BF00BF2168143151E8001F21F001009B
:105F50002168143141E80002002AF3D100BF20205B
:105F600084F842000020206300BF00BF21680C318C
:105F700051E8001F21F0100021680C3141E80002B7
:105F8000002AF3D100BF0220606341462046FFF79C
:105F900093FEADE605F0800030B106F0800018B148
:105FA000204605F017FAA3E605F0400030B106F0F0
:105FB000400018B1204604F0EAFF99E600BF97E6DA
:105FC000E9AD000810B504460CB9012010BDA06968
:105FD00000B100E000BF94F8410028B9002084F827
:105FE0004000204600F02AF8242084F84100206870
:105FF000C06820F400502168C860204605F068F8A9
:106000002068006920F49040216808612068406998
:1060100020F02A00216848612068C06840F40050E0
:106020002168C86000206064202084F8410084F862
:1060300042000020606300BFC8E7000010B586B0D2
:106040000446142101A8FAF7C6FABF49206888421D
:106050007ED100BF00200090BC48006840F01000D6
:10606000BA4908600846006800F01000009000BFC0
:1060700000BF00BF00200090B4481438006840F012
:106080000200B249143908600846006800F00200B6
:10609000009000BF00BF00BF0020009008460068CD
:1060A00040F0010008600846006800F00100009020
:1060B00000BF00BF802001900220029000200390CA
:1060C000032004900720059001A9A148FDF728FDB1
:1060D0004FF40070019002200290002003900320F2
:1060E00004900720059001A99A48FDF719FD9A48E8
:1060F0009A4908604FF000604860402197488160ED
:106100000021C1604FF48061016100214161816122
:10611000C1614FF48031016200214162FDF722FB31
:1061200008B1FCF73BFA00BF8C48A063846300BF52
:10613000894830388A4908604FF000604860002183
:1061400087488160C1604FF480610161002100E0F7
:106150001BE0416181614FF48071C16149020162BC
:1061600000214162FDF7FEFA08B1FCF717FA00BF03
:106170007B48E063846300BF002205212520FDF7F2
:1061800063FE2520FDF74CFEDCE07649206888425E
:1061900058D100BF002000906C48001F006840F4F8
:1061A00080206A49091F08600846006800F48020C2
:1061B000009000BF00BF00BF00200090634814386B
:1061C000006840F00400614914390860084600681E
:1061D00000F00400009000BF00BF4FF44060019049
:1061E00002200290002003900320049007200590D5
:1061F00001A95D48FDF794FC5C485D4908604FF0DB
:106200000060486000215A488160C1604FF480619D
:106210000161002141618161C16101624162FDF75B
:10622000A1FA08B1FCF7BAF900BF5148E0638463F2
:1062300000BF002205212720FDF706FE2720FDF7DD
:10624000EFFD7FE04B49206888427BD100BF0020F2
:1062500000903E48006840F020003C490860084635
:10626000006800F02000009000BF00BF00BF0020C9
:10627000009036481438006840F040003349143923
:1062800008600846006800F04000009000BF00BFB2
:106290004FF48440019002200290002003900320DC
:1062A00004900820059001A93348FDF739FC2A48DD
:1062B0009038324908608005486000212F4881608D
:1062C000C1604FF4806101610021416181614FF43F
:1062D0008071C1614902016200214162FDF742FA09
:1062E00008B1FCF75BF900BF2448E063846300BF9A
:1062F00019481838224908604FF020604860402152
:106300001F4881600021C1604FF48061016100215C
:1063100041618161C1614FF48031016200214162BC
:10632000FDF720FA08B1FCF739F900BF1448A06363
:10633000846300BF002205214720FDF785FD47202B
:10634000FDF76EFD06B010BD00100140443802405C
:106350000004024000000240B8640240D80B002054
:10636000380C00200048004000080240286002402D
:10637000980C00200014014000180240F80C002086
:10638000580D002070B504460D46164694F842009C
:1063900020280BD105B10EB9012070BD002020636B
:1063A00032462946204604F0A9FFF6E70220F4E72A
:1063B00070477047704700BFFEE70000B0EE401A1C
:1063C000F0EE601A90ED060AF0EE402A90ED010A18
:1063D000B0EE402A90ED020AB0EE403A90ED030A8A
:1063E000B0EE404A417811B99FED250A01E0B2EEC6
:1063F0000E0AF0EE404A33EE640AB4EEC20AF1EE41
:1064000010FA14D8B6EE005AB0EE430A02EEC50AEE
:10641000B4EEC20AF1EE10FA02D89FED1A0A7047E4
:1064200084EE220A9FED185A20EE050AF7E733EEB4
:10643000420AB1EE045A30EE450A9FED145A22EE9C
:10644000855AC0EE053AF0EE410AF4EEE30AF1EEA9
:1064500010FA01DDF0EE630AF4EEE10AF1EE10FA53
:1064600001DDF0EE610AF5EEC00AF1EE10FA03D29A
:106470009FED040AF0EE400AB0EE600ACFE700009C
:106480000000D24200000000CDCC4C3FCDCCCC3D32
:1064900000230370417080ED080A9FED2A1A80EDF9
:1064A000011A9FED281A80ED041A9FED261A80ED3F
:1064B000051AC0ED070A21B101290FD0022931D1F7
:1064C00023E09FED211A80ED061A9FED201A80ED42
:1064D000021AB3EE081A80ED031A30E0B2EE041A85
:1064E00080ED061A42B99FED1A1A80ED021AB2EE3B
:1064F0000C1A80ED031A07E09FED161A80ED021AC0
:10650000B3EE081A80ED031A19E0B2EE041A80ED1A
:10651000061A9FED111A80ED021AB3EE0E1A80EDE5
:10652000031A0CE0B2EE041A80ED061A9FED091A68
:1065300080ED021AB3EE081A80ED031A00BF00BF07
:1065400070470000000000000000C84200004843FF
:10655000000066430000B04200008243F0EE401AA3
:10656000B0EE602AD0ED082AF0EE620AD0ED042ADF
:1065700072EEA02AC0ED042A002200EE102A41B3D8
:1065800091F87422012A24D1427822B9B1F8B922B3
:1065900000EE102A03E0B1F8B72200EE102AD0ED89
:1065A000012AB8EE403AF4EEC32AF1EE10FA03D213
:1065B000F8EE402AC0ED012AD0ED042A9FED413AC1
:1065C000F4EEC32AF1EE10FA03DDF8EE402AC0ED36
:1065D000012A027832B1012A14D0022A20D0032ADB
:1065E00053D13FE0DFED382A61EE222AF4EEC22AD1
:1065F000F1EE10FA05D201220270DFED342AC0ED6F
:10660000052A49E0D0ED072AF4EEE12AF1EE10FA6E
:1066100005D802220270DFED2D2AC0ED052A3BE0ED
:10662000D0ED072AF4EEE12AF1EE10FA15DDD0EDF7
:10663000052A72EEA02AC0ED052AD0ED052A9FEDAD
:10664000243AF4EEC32AF1EE10FA0ADD03220270B6
:10665000DFED1E2AC0ED052A03E0DFED1C2AC0EDA8
:10666000052A19E0D0ED012A90ED063A72EE832A50
:10667000C0ED012ADFED152AC0ED042A01220270C7
:10668000DFED122AC0ED052A06E000220270DFEDE0
:106690000F2AC0ED052A00BF00BFD0ED012A90ED02
:1066A000033A43EE602AC0ED012AD0ED012AF5EE4F
:1066B000C02AF1EE10FA03D2DFED042AC0ED012A60
:1066C000704700009A99993E9A99593F000000003E
:1066D0008FC2753C10B504461CB11148FAF75EFE36
:1066E0001CE09FED100A0E4880ED000A9FED0E0A97
:1066F00080ED010A9FED0D0A80ED020A9FED0C0A64
:1067000080ED060A90ED060ADFED0A0A80EE801A97
:1067100080ED0D1A9FED080A80ED0E0A10BD0000F5
:10672000B470002068290E3B419C06BB64AF67BA79
:106730007A841D41C3F51C410000204210B52DEDA7
:10674000028B82B0B0EE408AF0EE480A9FED100A4C
:10675000104801F040F801A90E4800F01BFF9DED24
:10676000010AB5EEC00AF1EE10FA03D29FED0A0A53
:106770008DED010A9DED010ABCEEC00A10EE100A73
:1067800084B20648046002B0BDEC028B10BD00006C
:10679000000020426C7000200000000034440140E2
:1067A00068489FED691ADFED690AB0EE000A00F053
:1067B000EFFBB7EE001ADFED660AB7EE000A654898
:1067C00007F0E8FCB7EE001ADFED610AB7EE000A49
:1067D000614807F0DFFC9FED5E3ADFED602A9FED38
:1067E0005F2ADFED5B1A9FED5E1ADFED5E0A9FED1B
:1067F0005E0A5E4800F0AEFF002008F03FFC044651
:106800000AF06AFC5A4908605A48FEF713FE08B1BC
:10681000FBF7C4FE08225849584803F09FFF0120A7
:10682000574908708DE000BF4FF0FF31012009F09B
:106830003FFB0128F8D15348007800F0080050B120
:106840005048007820F008004E4908704E494A48E8
:10685000401CFAF731F94D48007800F0040048B1C7
:106860004A48007820F004004849087046494848E2
:10687000FAF7AEF84748007800F0040048B1454800
:10688000007820F00400434908703F494248FAF775
:1068900075FA4249354808F017FA002019E03A49DC
:1068A000483101EB800191ED000A2A496C3101EB7E
:1068B000800181ED000A34493C3101EB800191ED0A
:1068C000000A25496C3101EB800181ED000A411C71
:1068D000C8B20328E3DB1F4807F0B6FB1E4807F0E9
:1068E000B3FB002025E01B49603101EB800191EDF5
:1068F000000A14493C3101EB800181ED000A164980
:10690000603101EB800191ED000A0E49483101EB45
:10691000800181ED000A0B493C3101EB800191EDD2
:10692000000A0849683101EB800181ED000A411C31
:10693000C8B20328D7DB034800F04CFB0148FBF743
:1069400011FF70E7F86F00206F12833ACDCCCC3D79
:1069500000000000407F0020C07F002000A08C4588
:10696000CDCC4C3E000048430000FA44408000205B
:1069700064010020A009002070010020780100209F
:106980009501002091010020B470002092010020A8
:106990007E800020930100208B01002068010020F0
:1069A00030B50B46002100BF16E00A24B4EB107F7F
:1069B00005D9302404EB107403F8114005E041249C
:1069C00004EB10740A3C03F81140000100254C0050
:1069D000641C1D554C1CE1B29142E6DB30BD000049
:1069E00010B50E480E4908600320486000210C488D
:1069F0008160C1604FF4102101614FF400114161C9
:106A00000021017641768176C17601774177FCF7E6
:106A10007DFA08B1FBF7C2FD10BD00000064004024
:106A20004009002010B50E480E4908600320486058
:106A300000210C488160C1604FF4102101614FF4C6
:106A4000001141610021017641768176C17601779E
:106A50004177FCF75BFA08B1FBF7A0FD10BD000021
:106A6000006800406809002010B505480549086025
:106A70000846FCF7C2FC08B1FBF790FD10BD000012
:106A8000003002402400002008B500BF0020009024
:106A90002A48006840F480002849086008460068D9
:106AA00000F48000009000BF00BF00BF00200090F5
:106AB0000846006840F4001008600846006800F4CA
:106AC0000010009000BF00BF002205210C20FDF740
:106AD000BBF90C20FDF7A4F9002205213920FDF7B0
:106AE000B3F93920FDF79CF9002205213A20FDF782
:106AF000ABF93A20FDF794F9002205213B20FDF780
:106B0000A3F93B20FDF78CF9002205214420FDF775
:106B10009BF94420FDF784F9002205214520FDF76B
:106B200093F94520FDF77CF9002205214620FDF769
:106B30008BF94620FDF774F908BD0000303802409B
:106B400000B5B9B01C22304932A8F9F7E8FC0021A1
:106B500032A808F04CFA2D4908601C222A491C3141
:106B60002BA8F9F7DCFC00212BA808F040FA2849F3
:106B700008601C222449383124A8F9F7D0FC0021F0
:106B800024A808F034FA234908601C221E49543115
:106B90001DA8F9F7C4FC00211DA808F028FA1E4919
:106BA00008601C221849703116A8F9F7B8FC0021BA
:106BB00016A808F01CFA194908601C2212498C31E9
:106BC0000FA8F9F7ACFC00210FA808F010FA14493F
:106BD00008601C220C49A83108A8F9F7A0FC002184
:106BE00008A808F004FA0F4908601C220649C431BD
:106BF00001A8F9F794FC002101A808F0F8F90A4966
:106C0000086039B000BD000018170108000000201E
:106C100004000020080000200C00002010000020CC
:106C200014000020180000201C00002000B587B0D0
:106C3000142102A8F9F7CFFC00BF002001905B48A7
:106C4000006840F00200594908600846006800F0FA
:106C50000200019000BF00BF00BF00200190084665
:106C6000006840F0400008600846006800F04000FE
:106C7000019000BF00BF00BF0020019008460068DF
:106C800040F0010008600846006800F00100019033
:106C900000BF00BF00BF002001900846006840F020
:106CA000080008600846006800F00800019000BF76
:106CB00000BF00BF002001900846006840F00400BB
:106CC00008600846006800F00400019000BF00BFA3
:106CD00000BF002001900846006840F08000086076
:106CE0000846006800F08000019000BF00BF00BFB0
:106CF000002001900846006840F020000860084627
:106D0000006800F02000019000BF00BF01221021A8
:106D10002748FCF7FFFF012211462648FCF7FAFF3F
:106D2000102002900120039004900220059002A9F7
:106D30001F48FCF7F5FE302002904FF488100390B6
:106D40000120049002A91C48FCF7EAFE01200290F1
:106D50004FF4881003900120049002A91748FCF713
:106D6000DFFE01200290039004900220059002A90A
:106D70001048FCF7D5FE002205210620FDF764F837
:106D80000620FDF74DF8002205210A20FDF75CF8EA
:106D90000A20FDF745F8002205211720FDF754F8D9
:106DA0001720FDF73DF807B000BD00003038024065
:106DB00000000240000402400008024000180240A7
:106DC00010B50548054908600846FEF7FFFA08B106
:106DD000FBF7E4FB10BD00000008065090090020FE
:106DE00010B50F480F4908604FF4827048600021C9
:106DF0000C488160C16002210161012141614902A9
:106E000081613821C16100210162416281620A21F0
:106E1000C162FEF70FFB08B1FBF7C0FB10BD00001D
:106E200000300140A009002000B587B01C21684651
:106E3000F9F7D1FB15481649086000204860002189
:106E40001348816041F28731C16000210161816195
:106E5000FEF73EFD08B1FBF7A1FB0D48FEF73AFE39
:106E600008B1FBF79BFB602000900020019002908E
:106E70000490002269460648FEF7AAFD08B1FBF718
:106E80008DFB0348FEF772FD07B000BD00440140D2
:106E9000B80A002010B50A480A4908600A48486044
:106EA000002108488160C16001610C21416100211D
:106EB0008161C161FFF786F808B1FBF76FFB10BD78
:106EC00000100140000B0020B0AA0E0010B50C48C5
:106ED0000C4908600C4848604FF4805109488160B3
:106EE0004900C160C91001610C214161002181612B
:106EF000C161FFF767F808B1FBF750FB10BD000058
:106F000000480040480B0020A086010010B50B4847
:106F10000B4908604FF4E130486000210848816067
:106F2000C16001610C21416100218161C161FFF7F4
:106F300049F808B1FBF732FB10BD00000014014016
:106F4000900B002010B500220D490E4805F045F9C0
:106F500008B1FBF723FB0C490A4805F080FC08B197
:106F6000FBF71CFB0949074804F06AFD08B1FBF771
:106F700015FB044805F076FD08B1FBF70FFB10BDCB
:106F8000A00100206881002018020020F4010020E8
:106F9000F0EE001A60EE211AC0ED001AF0EE001AB1
:106FA00060EEA11AC0ED011AF7EE001AC0ED021A48
:106FB000DFED071AC0ED031ADFED051AC0ED041A64
:106FC000DFED031AC0ED051A80ED191A70470000B5
:106FD0000000000010B5044694ED120AB5EEC00A98
:106FE000F1EE10FA0DD194ED130AB5EEC00AF1EEF0
:106FF00010FA06D194ED140AB5EEC00AF1EE10FABB
:107000007ED0032104F1480007F08EFF94ED030ABF
:10701000D4ED050A20EE200AD4ED020A94ED041AFC
:1070200000EEC10A84ED090A94ED020AD4ED030AC8
:1070300020EE200AD4ED040A94ED051A00EE810A30
:1070400084ED0A0A94ED020A20EE000AD4ED050A46
:1070500094ED051A00EE810AF6EE000A30EE600AA1
:1070600084ED0B0A94ED130AD4ED0B0A20EE200AEE
:10707000D4ED140A94ED0A1A00EEC10A84ED0C0A4C
:1070800094ED140AD4ED090A20EE200AD4ED120A78
:1070900094ED0B1A00EEC10A84ED0D0A94ED120A6C
:1070A000D4ED0A0A20EE200AD4ED130A94ED091A51
:1070B00000EEC10A84ED0E0A94ED010AB5EEC00A95
:1070C000F1EE10FA44DD94ED010AD4ED0C0A60EE05
:1070D000200A94ED191A94ED060A00EE810A84ED57
:1070E000060A94ED010AD4ED0D0A60EE200A94ED33
:1070F000191A94ED070A00EE810A84ED070A00E0F0
:1071000050E094ED010AD4ED0E0A60EE200A94EDF1
:10711000191A94ED080A00EE810A84ED080A94ED2C
:107120000F0AD4ED060A30EE200A84ED0F0A94ED22
:10713000100AD4ED070A30EE200A84ED100A94ED0F
:10714000110AD4ED080A30EE200A84ED110A0BE092
:107150009FED5A0A84ED060A9FED580A84ED070A4E
:107160009FED560A84ED080A94ED0F0AD4ED000A4B
:1071700094ED0C1A00EE810A84ED0F0A94ED100ACA
:10718000D4ED000A94ED0D1A00EE810A84ED100A88
:1071900094ED110AD4ED000A94ED0E1A00EE810A66
:1071A00084ED110A94ED0F0AD4ED190AB6EE001A17
:1071B00060EE810A20EE200A84ED0F0A94ED100A99
:1071C000D4ED190AB6EE001A60EE810A20EE200A0C
:1071D00084ED100A94ED110AD4ED190AB6EE001AE6
:1071E00060EE810A20EE200A84ED110A94ED030A74
:1071F000B1EE400AD4ED0F0A20EE200AD4ED040AC5
:1072000094ED101A00EEC10AD4ED050A94ED111A9E
:1072100000EEC10AD4ED020A30EE200A84ED020A23
:1072200094ED020AD4ED0F0A20EE200AD4ED040AF0
:1072300094ED111A00EE810AD4ED050A94ED101AAE
:1072400000EEC10AD4ED030A30EE200A84ED030AF1
:1072500094ED020AD4ED100A20EE200AD4ED030AC0
:1072600094ED111A00EEC10AD4ED050A94ED0F1A3F
:1072700000EE810AD4ED040A30EE200A84ED040AFF
:1072800094ED020AD4ED110A20EE200AD4ED030A8F
:1072900094ED101A00EE810AD4ED040A94ED0F1A51
:1072A00000EEC10AD4ED050A30EE200A84ED050A8D
:1072B000042104F1080007F037FE10BD00000000B3
:1072C00010B587B0134CD4E901322168E468CDE9E8
:1072D0000524CDE90313002100910191029103A936
:1072E0001EC908301EC018389DE80E00C0E90723EB
:1072F00081619DE80E00C0E90A2341629DE80E000D
:10730000C0E90D2301639FED040A80ED150A07B063
:1073100010BD0000181801080000000000BFFEE7C3
:1073200000BFFEE710B50248FCF7ADFF10BD00003E
:10733000449600202DE9F04704460D46266837465E
:10734000D6F8408007F5306000EB4510D0F8089083
:10735000104880450BD909F40040B0F5004F06D124
:107360004FF4004107F5306000EB45108160204686
:10737000FDF754FC0748804508D9A079012805D1BC
:1073800004F29C420121206806F050F80020BDE87C
:10739000F08700000A30544F2DE9F04705460C46AF
:1073A000D5F800904E46D9F840A006F5306000EBC5
:1073B0004410D0F80880A879012855D108F00800B9
:1073C00008280FD1434882450BD908F40040B0F596
:1073D000004F7BD14FF4004106F5306000EB4410C4
:1073E000816073E008F02000202806D1202106F5F6
:1073F000306000EB4410816068E008F0280000284D
:1074000064D1344882450CD908F40040B0F5004FEF
:1074100007D14FF4004106F5306000EB4410816065
:1074200054E004EBC40105F5157000EB810706F587
:10743000306000EB4410396A0069C0F31200081A8A
:10744000786164B9386930B905F29C420121286835
:1074500005F0ECFF03E07969F8680844F860E1B2F0
:107460002846FCF787FD31E01B4882451BD108F414
:107470000040B0F5004F07D14FF4004106F53060F1
:1074800000EB4410816021E008F02000202805D1A5
:10749000202106F5306000EB44108160E1B22846FF
:1074A000FCF768FD12E06CB904EBC40105F515703A
:1074B00000EB8100006928B905F29C420021286890
:1074C00005F0B4FFE1B22846FCF754FD0020BDE80A
:1074D000F08700000A30544F0A31544F2DE9F84F1D
:1074E00007460E46D7F80090C84606EBC60107F1DE
:1074F000140000EB8104D4E90410884202D9012071
:10750000BDE8F88FD4E90401451AA068A84200D26A
:10751000A568E81C4FEA900A17E0D4E90401451A6F
:10752000A068A84200D2A568E81C4FEA900AB87982
:10753000ABB2F2B200904846E16806F077FCE06832
:107540002844E06060692844606108F5106000EB41
:107550004610806980B2504506D3D4E904108842B1
:1075600002D220690028D8D1D4E9040188420ED87B
:1075700006F00F01012000FA01FB40F6340050F83C
:10758000080020EA0B0040F6340141F80800002012
:10759000B6E7000030B52DED088B81B004460D46EE
:1075A0009FED5F0AF0EE408A9FED5D0AB0EE409AD3
:1075B0009FED5B0AF0EE409A9FED590AB0EE40AAAB
:1075C00094ED080AD4ED090A30EE600AB0EE408A64
:1075D000B0EE480A00F0DEF8F0EE40AA94ED070A9B
:1075E000B4EEEA0AF1EE10FA07DD9FED4D0AB0EEB7
:1075F000408A9FED4B0AF0EE40AA94ED000A20EE7F
:10760000080AF0EE408A94ED0E0AD4ED060A00EE68
:10761000880A8DED000A94ED040AB5EEC00AF1EE79
:1076200010FA20D094ED010AB5EEC00AF1EE10FA7E
:1076300019D094ED040AB1EE400AD4ED010A80EEAF
:10764000201AB0EE41BA94ED040AD4ED010A80EE9E
:10765000201AF0EE41BAF0EE6B0AB0EE4B0A684623
:1076600000F0A5F800BF9DED000A84ED0E0A94ED30
:10767000010AD4ED0E0A20EE200AB0EE409A94EDF5
:10768000020AD4ED0D0A78EE600A20EE200AD4ED4D
:10769000060A80EE201AF0EE419A94ED080AD4ED25
:1076A0000B0A30EE600AD4ED030A20EE200AB0EE99
:1076B00040AA38EE890A30EE290A30EE0A0A85ED32
:1076C000000AB4F9140000EE100AB8EEC00AB5EED4
:1076D000C00AF1EE10FA11D0B4F9140001EE100A4C
:1076E000B8EEC11AF0EE410A404201EE100AB8EEBF
:1076F000C11AB0EE410A284600F059F894ED090A83
:1077000084ED0A0A94ED080A84ED0B0A95ED000A4F
:1077100084ED0C0A84ED0D8A01B0BDEC088B30BD00
:10772000000000009FED0A0A80ED0A0A9FED080A9A
:1077300080ED0B0A9FED060A80ED0C0A9FED040A0E
:1077400080ED0D0A9FED020A80ED0E0A70470000E1
:107750000000000000B50146F0EE403AC1ED003AED
:10776000C1ED010A81ED021AC1ED031A81ED042A6F
:10777000BDEEE20A10EE100A00B288829FED040A04
:1077800081ED060A81ED073A0846FFF7CBFF00BD01
:107790006F12833AF0EE400AF5EEC00AF1EE10FAED
:1077A00002DDB0EE600A7047B1EE600AFBE790EDD3
:1077B000001AB4EEC01AF1EE10FA02D280ED000AFF
:1077C00008E090ED001AB4EEE01AF1EE10FA01DDD7
:1077D000C0ED000A704780ED080AC0ED090A704745
:1077E00000240025A5221F491F4800F043F81E4829
:1077F000B0F8042200F582711A48FEF7C3FD19485B
:107800000068C06840F0100016490968C86027E0A9
:1078100000BF4FF0FF31012008F04AFB0128F8D1EA
:1078200012480588A5421BD0A54207DD281B82B25D
:107830000F4801190C4800F0D4F810E00A48B0F8DD
:107840000402001B82B20A480119074800F0C9F877
:10785000002D04DD2A460649034800F0C2F82C46F4
:10786000D6E70000900B00202C7200209C01002025
:107870003073002070B504460D46164640F6B72119
:107880002046F8F786FE25604FF48070A4F80402C5
:1078900084F80662002084F87402012084F87502DE
:1078A000206830B1B4F80422206804F58271FEF734
:1078B000CBF970BD2DE9F04104460E463546B5F8CA
:1078C000050040F20222811A904244D00EDC0328C7
:1078D0002ED004DC012816D0022876D123E0A0F2B5
:1078E000011060B3B0F5807F6FD12DE004294ED038
:1078F00004DC012936D0022967D13FE006294AD0AD
:10790000FF2962D150E055F8071F4FF42070C4F8EA
:1079100076126968C4F87A122989A4F87E12A97AC5
:10792000ED1F015552E040F28120E97901554DE00B
:107930001022E91D04F28220F8F7ACFD46E0D5F8EC
:107940000710C4F8921241E00D22E91D04F52870D9
:10795000F8F7A0FD3AE00E22E91D04F2AD20F8F799
:1079600099FD33E055F8071FC4F8BB126968C4F8E5
:10797000BF12A968ED1FC4F8C31227E0D5F807109D
:10798000C4F8C712D5F80B10C4F8CB121EE0E97981
:1079900084F8CF121AE0D5F80710C4F8D712D5F83A
:1079A0000B10C4F8DB1211E0B5F80100762801D9FC
:1079B000762001E0B5F8010007463A46E91D04F2D9
:1079C0001B30F8F767FD01E0FFE700BF00BF0120B3
:1079D00084F87402D4F80702401CC4F80702BDE81A
:1079E000F0812DE9F05F80460D4617460DB1092F55
:1079F00001DABDE8F09F002431E0285DA5282BD1F5
:107A00002819042106F00CFB211D695C884223D152
:107A1000601C295CA01C285C41EA002909F10900CE
:107A200086B2A019B84216DCB11E281906F0DEFA9B
:107A30008246A019801E295CA019401E285C41EADC
:107A4000002BDA4506D129194046FFF733FFA0196C
:107A500084B204E000BF00BF601C84B200BFA7F185
:107A60000900A042C9DA00BFC3E700002DED048B76
:107A700082B007F0B2FA019000BF9FEDA53AF2EE96
:107A8000042AB2EE042ADFEDA21A9FEDA21ADFED5E
:107A9000A20A9FEDA20AA248FFF75CFE9FED9C3A66
:107AA000F2EE042AB2EE042ADFED991A9FED991A3C
:107AB000DFED990A9FED990A99483C30FFF74AFE9D
:107AC0009FED933AF2EE042A9FED962ADFED901A8D
:107AD0009FED8F1ADFED940A9FED940A904878305D
:107AE000FFF738FEDFED920A9FED8A0A002201219E
:107AF0009048FEF7CDFC9FED900A904880ED070A74
:107B00009FED8D0A80ED080A9FED8D0A80ED090A30
:107B1000FDE08C48007A012806D18B4B874A8B49BF
:107B2000884807F095F907E08648007A20B9834A2B
:107B30008649844808F080F9002006F0ADFFB0F9CE
:107B4000020000EE100AB8EEC00ADFED810A20EE56
:107B5000200A7A4880ED000A012006F09DFFB0F966
:107B6000020000EE100AB8EEC00ADFED790A20EE3E
:107B7000200A724880ED010A06F09AFFB0F902006F
:107B800000EE100AB8EEC00AF1EE080A80EE201AE4
:107B90006A4880ED021A06F08BFFB0F9040000EE8F
:107BA000100AB8EEC00A654880ED060AD0ED071A43
:107BB000B0EE611AD0ED021AF0EE610AD0ED061AAD
:107BC000B0EE610A63495B48FEF7C8FC5B4890ED84
:107BD000080AB0EEC00ADFED530A80EE201AB0EEBC
:107BE000418A90ED090AB0EEC00ADFED4E0A80EE40
:107BF000201AF0EE418AF0EE680AB0EE480A4D48CD
:107C0000FEF7DCFBB0EE409A4C4890ED080AB5EE6A
:107C1000C00AF1EE10FA02D2BFEE000A01E0B7EEA0
:107C2000000AF0EE409A29EE890ADFED3E0A20EEC6
:107C3000200A424880ED070A90F82800012859D10F
:107C40003E4890ED000AF0EE400A9FED430A3448AA
:107C5000FFF7C1FD394890ED010AF0EE400A9FEDB3
:107C60003F0A2F483C30FFF7B6FD344890ED021A2A
:107C7000F0EE410A90ED071AB0EE410A284878303C
:107C8000FFF7A9FD2D490C312548FFF783FC2B494F
:107C9000103123483C30FFF77DFC2849143120483F
:107CA0007830FFF777FC25480C3007F0DBF92348E4
:107CB000103007F0D7F92148143007F0D3F91F4BE3
:107CC00093ED050ABDEEC00A10EE103A1AB21B4B36
:107CD00093ED040ABDEEC00A10EE103A19B2174B2C
:107CE00093ED030ABDEEC00A10EE103A18B2F9F790
:107CF00011F908E0114890F8280020B90022114637
:107D00001046F9F707F9012101A807F053F900E738
:107D1000000000006F12033B9A99993ECDCC4C3E77
:107D200088800020000070420AD7A33CCDCCCC3D17
:107D300000C0DA45087200200000B4C33C81002076
:107D4000000007C4207E00200C710020F4000020F9
:107D5000F46CD63D2C720020000016C400001644BE
:107D600010B52DED028B04469FED550AB0EE408A0A
:107D70009FED530AF0EE408A94ED0D0AB0EEC00A72
:107D8000D4ED100AB4EEE00AF1EE10FA0CD29FED39
:107D90004C0A84ED0D0A9FED4A0A84ED000A9FED1E
:107DA000480ABDEC028B10BD94F84C0010B10128BC
:107DB00064D12BE094ED0E0AD4ED040A94ED0D1A73
:107DC00000EE810A84ED010AD4ED010AB0EE600AEA
:107DD000204600F0C7F8F0EE408A94ED040AB1EEB8
:107DE000400AD4ED0E0A20EE200AD4ED030A94EDE9
:107DF000011A00EEC10AD4ED070A00EEE80AD4ED3C
:107E0000020A20EE200AB0EE408A37E094ED0E0A16
:107E1000D4ED050A94ED0D1A00EE810AD4ED060AA0
:107E200094ED0F1A00EE810A84ED010AD4ED010AE7
:107E3000B0EE600A204600F095F8F0EE408A94ED2E
:107E4000050AB1EE400AD4ED0E0A20EE200AD4ED68
:107E5000060A94ED0D1A00EEC10AD4ED030A94ED62
:107E6000011A00EEC10AD4ED070A00EEE80AD4EDCB
:107E7000020A20EE200AB0EE408A00BF00BF94ED57
:107E8000110AB4EEC80AF1EE10FA04D294ED110A08
:107E9000B0EE408A0EE094ED110AB1EE400AB4EE65
:107EA000C80AF1EE10FA05DD94ED110AB1EE400AB0
:107EB000B0EE408A84ED008AB0EE480A71E7000017
:107EC0000000000080ED080AD0ED081A90ED092AA4
:107ED00071EEC21A9FED172AC1EE822AC0ED0A2A5E
:107EE000D0ED0A1A90ED0B2A71EEC21A9FED112AFD
:107EF000C1EE822AC0ED0C2A70EEC01AC0ED0D1A38
:107F0000D0ED0A1A71EE611AC0ED0E1AD0ED0F1AFB
:107F100090ED0D2ADFED072A42EE221AC0ED0F1A6E
:107F2000D0ED081AC0ED091AD0ED0A1AC0ED0B1AEF
:107F3000704700006F12833A10B5044604B910BDB3
:107F400050212046F8F747FB002084F84C0000BF82
:107F5000F5E700009FED020A80ED0F0A7047000070
:107F60000000000010B52DED028B0446B0EE408AF3
:107F700094ED070AC8EE000AF0EE608AB0EEE80A57
:107F8000D4ED120AB4EEE00AF1EE10FA04D8B0EE25
:107F9000680ABDEC028B10BDB0EE680A00F028F84C
:107FA000F7E780ED020AC0ED030A80ED051AC0ED87
:107FB000061A80ED072A80ED113AC0ED122AC0EDB5
:107FC000103A012180F84C10704780ED020AC0ED94
:107FD000030A80ED041AC0ED071AC0ED112A80EDE6
:107FE000122A80ED103A002180F84C1070470000F2
:107FF000F0EE400AF5EEC00AF1EE10FA02DDB7EE3F
:10800000000A7047F5EEC00AF1EE10FA02D2BFEE98
:10801000000AF6E79FED010AF3E700000000000008
:1080200010B5FB4B1B681B6823F00103F84C246858
:108030002360F84B1B681B6823F00103F54C246890
:10804000236007E0F24B1B681B6823F00103F04C30
:1080500024682360EE4B1B681B6803F00103002BB0
:10806000F0D107E0EB4B1B681B6823F00103E94CE0
:1080700024682360E74B1B681B6803F00103002B97
:10808000F0D1E54BDB6C1B68E44CA34275D9E24BA5
:10809000DB6C1B68E24CA34201D1202368E0DE4B7D
:1080A000DB6C1B68DD4C483CA34201D120235FE020
:1080B000D94BDB6C1B68DA4C6034A34201D120231E
:1080C00056E0D54BDB6C1B68D44C1834A34201D16D
:1080D00020234DE0D04BDB6C1B68D14C1834A342FD
:1080E00001D1DB1444E0CC4BDB6C1B68CB4C303C47
:1080F000A34201D1DB143BE0C74BDB6C1B68C84CCF
:108100007834A34201D1DB1432E0C34BDB6C1B6833
:10811000C24C3034A34201D1DB1429E0BE4BDB6CEE
:108120001B68BF4C3034A34202D14FF400131FE050
:10813000B94BDB6C1B68B94C183CA34202D14FF41D
:10814000001315E0B44BDB6C1B68B54C9034A342B4
:1081500002D14FF400130BE0AF4BDB6C1B68AF4C4C
:108160004834A34202D14FF4001301E04FF0006302
:10817000AA4C4C3C236076E1FFE7A74BDB6C1B6805
:10818000A74CA834A34275D9A34BDB6C1B68A44C45
:10819000A34201D1202369E09F4BDB6C1B689F4CFD
:1081A000483CA34201D1202360E09B4BDB6C1B6861
:1081B0009B4C6034A34201D1202357E0964BDB6CEB
:1081C0001B68964C1834A34201D120234EE0924BF9
:1081D000DB6C1B68924C1834A34201D1DB1445E0E0
:1081E0008D4BDB6C1B688D4C303CA34201D1DB1402
:1081F0003CE0894BDB6C1B68894C7834A34201D18D
:10820000DB1433E0844BDB6C1B68844C3034A342BA
:1082100001D1DB142AE0804BDB6C1B68804C3034CE
:10822000A34202D14FF4001320E07B4BDB6C1B68B0
:108230007A4C183CA34202D14FF4001316E0764B5F
:10824000DB6C1B68764C9034A34202D14FF40013D0
:108250000CE0714BDB6C1B68704C4834A34203D1BB
:108260004FF4001302E005E04FF000636B4C503C0C
:108270002360F8E0684BDB6C1B68694C4834A34210
:1082800075D9654BDB6C1B68654CA34201D120237B
:1082900068E0614BDB6C1B68604C483CA34201D139
:1082A00020235FE05C4BDB6C1B685D4C6034A342B9
:1082B00001D1202356E0584BDB6C1B68574C183417
:1082C000A34201D120234DE0534BDB6C1B68544C7F
:1082D0001834A34201D1DB1444E04F4BDB6C1B6824
:1082E0004E4C303CA34201D1DB143BE04A4BDB6CEB
:1082F0001B684B4C7834A34201D1DB1432E0464B6F
:10830000DB6C1B68454C3034A34201D1DB1429E0FF
:10831000414BDB6C1B68424C3034A34202D14FF41A
:1083200000131FE03C4BDB6C1B683C4C183CA34229
:1083300002D14FF4001315E0374BDB6C1B68384C4F
:108340009034A34202D14FF400130BE0324BDB6CAC
:108350001B68324C4834A34202D14FF4001301E0B1
:108360004FF000632E4C103CE3607CE0FFE72A4BAB
:10837000DB6C1B682A4CA34201D1202370E0264B02
:10838000DB6C1B68254C483CA34201D1202367E0ED
:10839000214BDB6C1B68224C6034A34201D12023AB
:1083A0005EE01D4BDB6C1B681C4C1834A34201D1F2
:1083B000202355E0184BDB6C1B68194C1834A34282
:1083C00001D1DB144CE0144BDB6C1B68134C303CCC
:1083D000A34201D1DB1443E00F4BDB6C1B68104C54
:1083E0007834A34201D1DB143AE00B4BDB6C1B6801
:1083F0000A4C3034A34201D1DB1431E0064BDB6C74
:108400001B68074C3034A3420CD14FF4001327E013
:10841000F8090020580A0020A009002058640240F2
:1084200010600240F74BDB6C1B68F74CA34202D193
:108430004FF4001314E0F34BDB6C1B68F34CA342C6
:1084400002D14FF400130BE0EE4BDB6C1B68EE4CDB
:108450006034A34202D14FF4001301E04FF00063F7
:10846000EA4CA03CA360E74BDB6C1B68E64C18347D
:10847000A34274D9E34BDB6C1B68E44C903CA342F1
:1084800001D1102366E0DF4BDB6C1B68DE4C303C17
:10849000A34201D110235DE0DA4BDB6C1B68DB4C9F
:1084A000303CA34201D1102354E0D64BDB6C1B6857
:1084B000D54C3034A34201D110234BE0D14BDB6CBF
:1084C0001B68D24C783CA34201D11B1542E0CD4B36
:1084D000DB6C1B68CC4C183CA34201D11B1539E066
:1084E000C84BDB6C1B68C94C183CA34201D11B155F
:1084F00030E0C44BDB6C1B68C34C4834A34201D151
:108500001B1527E0BF4BDB6C1B68C04C603CA342D3
:1085100002D14FF480131DE0BA4BDB6C1B68BA4CE0
:10852000A34202D14FF4801314E0B64BDB6C1B68FE
:10853000B64CA34202D14FF480130BE0B14BDB6C7D
:108540001B68B14C6034A34202D14FF4801301E0A8
:108550004FF08063AC4C343C236070E1FFE7A94BE3
:10856000DB6C1B68A94C1834A34274D9A54BDB6C97
:108570001B68A64C903CA34201D1102366E0A14B9E
:10858000DB6C1B68A04C303CA34201D110235DE0A2
:108590009C4BDB6C1B689D4C303CA34201D11023EB
:1085A00054E0984BDB6C1B68974C3034A34201D1EC
:1085B00010234BE0934BDB6C1B68944C783CA3423C
:1085C00001D11B1542E08F4BDB6C1B688E4C183CB5
:1085D000A34201D11B1539E08A4BDB6C1B688B4C25
:1085E000183CA34201D11B1530E0864BDB6C1B68A5
:1085F000854C4834A34201D11B1527E0814BDB6C2D
:108600001B68824C603CA34202D14FF480131DE0F2
:108610007C4BDB6C1B687C4CA34202D14FF4801373
:1086200014E0784BDB6C1B68784CA34202D14FF40A
:1086300080130BE0734BDB6C1B68734C6034A342FC
:1086400002D14FF4801301E04FF080636E4C383C50
:108650002360F4E0FFE76B4BDB6C1B686B4C483C22
:10866000A34274D9674BDB6C1B68684C903CA342F7
:1086700001D1102366E0634BDB6C1B68624C303C1D
:10868000A34201D110235DE05E4BDB6C1B685F4CA5
:10869000303CA34201D1102354E05A4BDB6C1B68E1
:1086A000594C3034A34201D110234BE0554BDB6CC5
:1086B0001B68564C783CA34201D11B1542E0514B3C
:1086C000DB6C1B68504C183CA34201D11B1539E0F0
:1086D0004C4BDB6C1B684D4C183CA34201D11B1565
:1086E00030E0484BDB6C1B68474C4834A34201D157
:1086F0001B1527E0434BDB6C1B68444C603CA342DA
:1087000002D14FF480131DE03E4BDB6C1B683E4CE6
:10871000A34202D14FF4801314E03A4BDB6C1B6888
:108720003A4CA34202D14FF480130BE0354BDB6C83
:108730001B68354C6034A34202D14FF4801301E032
:108740004FF08063314CA03CE36078E0FFE72D4BB5
:10875000DB6C1B682D4C903CA34201D110236BE0D5
:10876000284BDB6C1B68284C303CA34201D1102302
:1087700062E0244BDB6C1B68244C303CA34201D1EB
:10878000102359E01F4BDB6C1B681F4C3034A34295
:1087900001D1102350E01B4BDB6C1B681B4C783C59
:1087A000A34201D11B1547E0164BDB6C1B68164C2E
:1087B000183CA34201D11B153EE0124BDB6C1B6839
:1087C000124C183CA34201D11B1535E00D4BDB6C5C
:1087D0001B680D4C4834A34201D11B152CE0094BFA
:1087E000DB6C1B68094C603CA34202D14FF4801340
:1087F00022E0044BDB6C1B68034CA34208D14FF40E
:10880000801319E0A009002040640240A0600240EB
:10881000F74BDB6C1B68F74CA34202D14FF480137B
:108820000AE0F34BDB6C1B68F34CA34202D14FF41C
:10883000801301E04FF08063EE4CA03CA360EC4B52
:10884000DB6C1B68EC4C483CA34274D9E84BDB6CF6
:108850001B68E84C903CA34201D1082366E0E44B3E
:10886000DB6C1B68E44C903CA34201D108235DE023
:10887000DF4BDB6C1B68DF4C303CA34201D108238B
:1088800054E0DB4BDB6C1B68DB4C303CA34201D17A
:1088900008234BE0D64BDB6C1B68D64C783CA342DC
:1088A00001D15B1542E0D24BDB6C1B68D24C783CAB
:1088B000A34201D15B1539E0CD4BDB6C1B68CD4C7D
:1088C000183CA34201D15B1530E0C94BDB6C1B683F
:1088D000C94C183CA34201D15B1527E0C44BDB6CAB
:1088E0001B68C44C603CA34202D14FF400231DE03E
:1088F000BF4BDB6C1B68C04C603CA34202D14FF401
:10890000002313E0BA4BDB6C1B68BA4CA34202D1C4
:108910004FF400230AE0B64BDB6C1B68B64CA34255
:1089200002D14FF4002301E04FF00073B24C943CAD
:10893000236070E1FFE7AE4BDB6C1B68AD4C183475
:10894000A34274D9AA4BDB6C1B68AA4C903CA3428F
:1089500001D1082366E0A64BDB6C1B68A64C903C5B
:10896000A34201D108235DE0A14BDB6C1B68A14C45
:10897000303CA34201D1082354E09D4BDB6C1B68C3
:108980009D4C303CA34201D108234BE0984BDB6C5B
:108990001B68984C783CA34201D15B1542E0944B94
:1089A000DB6C1B68944C783CA34201D15B1539E029
:1089B0008F4BDB6C1B688F4C183CA34201D15B15BD
:1089C00030E08B4BDB6C1B688B4C183CA34201D115
:1089D0005B1527E0864BDB6C1B68864C603CA34232
:1089E00002D14FF400231DE0814BDB6C1B68824CED
:1089F000603CA34202D14FF4002313E07C4BDB6CBC
:108A00001B687C4CA34202D14FF400230AE0784B50
:108A1000DB6C1B68784CA34202D14FF4002301E0C9
:108A20004FF00073744C983C2360F4E0FFE7704B08
:108A3000DB6C1B686F4C483CA34274D96C4BDB6CFD
:108A40001B686C4C903CA34201D1082366E0684B44
:108A5000DB6C1B68684C903CA34201D108235DE0AD
:108A6000634BDB6C1B68634C303CA34201D1082391
:108A700054E05F4BDB6C1B685F4C303CA34201D180
:108A800008234BE05A4BDB6C1B685A4C783CA342E2
:108A900001D15B1542E0564BDB6C1B68564C783CB1
:108AA000A34201D15B1539E0514BDB6C1B68514C83
:108AB000183CA34201D15B1530E04D4BDB6C1B68C9
:108AC0004D4C183CA34201D15B1527E0484BDB6CB1
:108AD0001B68484C603CA34202D14FF400231DE0C8
:108AE000434BDB6C1B68444C603CA34202D14FF407
:108AF000002313E03E4BDB6C1B683E4CA34202D1CB
:108B00004FF400230AE03A4BDB6C1B683A4CA3425B
:108B100002D14FF4002301E04FF00073354CA03C2C
:108B2000E36078E0FFE7324BDB6C1B68314C903C34
:108B3000A34201D108236CE02D4BDB6C1B682E4C4B
:108B4000903CA34201D1082363E0294BDB6C1B68F6
:108B5000284C303CA34201D108235AE0244BDB6C63
:108B60001B68254C303CA34201D1082351E0204B27
:108B7000DB6C1B681F4C783CA34201D15B1548E0BD
:108B80001B4BDB6C1B681C4C783CA34201D15B1572
:108B90003FE0174BDB6C1B68164C183CA34201D11D
:108BA0005B1536E0124BDB6C1B68134C183CA34280
:108BB00001D15B152DE00E4BDB6C1B680D4C603C4E
:108BC000A34202D14FF4002323E0094BDB6C1B6866
:108BD000094C603CA34202D14FF4002319E0044B3E
:108BE000DB6C1B68034CA34208D14FF4002310E058
:108BF000A0090020A0600240A0640240F84BDB6C9A
:108C00001B68F84CA34202D14FF4002301E04FF05F
:108C10000073F54CA360F24BDB6C1B68F14C483CD5
:108C2000A34275D9EE4BDB6C1B68EF4C1034A342AA
:108C300001D1042368E0EA4BDB6C1B68E94C903CF3
:108C4000A34201D104235FE0E54BDB6C1B68E64CDB
:108C50007034A34201D1042356E0E14BDB6C1B6866
:108C6000E04C303CA34201D104234DE0DC4BDB6CF3
:108C70001B68DD4C2834A34201D19B1544E0D84B3E
:108C8000DB6C1B68D74C783CA34201D19B153BE0C1
:108C9000D34BDB6C1B68D44C8834A34201D19B15A9
:108CA00032E0CF4BDB6C1B68CE4C183CA34201D1A9
:108CB0009B1529E0CA4BDB6C1B68CB4C4034A342AC
:108CC00002D14FF480231FE0C54BDB6C1B68C54C01
:108CD000603CA34202D14FF4802315E0C04BDB6C13
:108CE0001B68C14CA034A34202D14FF480230BE097
:108CF000BB4BDB6C1B68BB4CA34203D14FF48023FE
:108D000002E005E04FF08073B64C943C236071E1C3
:108D1000B34BDB6C1B68B44CB834A34275D9B04B71
:108D2000DB6C1B68B04C1034A34201D1042367E014
:108D3000AB4BDB6C1B68AB4C903CA34201D10423D2
:108D40005EE0A74BDB6C1B68A74C7034A34201D1DB
:108D5000042355E0A24BDB6C1B68A24C303CA342C1
:108D600001D104234CE09E4BDB6C1B689E4C2834E5
:108D7000A34201D19B1543E0994BDB6C1B68994CD6
:108D8000783CA34201D19B153AE0954BDB6C1B6804
:108D9000954C8834A34201D19B1531E0904BDB6C9C
:108DA0001B68904C183CA34201D19B1528E08C4BCA
:108DB000DB6C1B688C4C4034A34202D14FF48023FF
:108DC0001EE0874BDB6C1B68864C603CA34202D1E3
:108DD0004FF4802314E0824BDB6C1B68824CA03480
:108DE000A34202D14FF480230AE07D4BDB6C1B6869
:108DF0007C4CA34202D14FF4802301E04FF08073FA
:108E0000784C983C2360F5E0FFE7754BDB6C1B6802
:108E1000754C5834A34274D9714BDB6C1B68724C8F
:108E20001034A34201D1042368E06D4BDB6C1B6856
:108E30006C4C903CA34201D104235FE0684BDB6C97
:108E40001B68694C7034A34201D1042356E0644B83
:108E5000DB6C1B68634C303CA34201D104234DE022
:108E60005F4BDB6C1B68604C2834A34201D19B151F
:108E700044E05B4BDB6C1B685A4C783CA34201D14D
:108E80009B153BE0564BDB6C1B68574C8834A34268
:108E900001D19B1532E0524BDB6C1B68514C183CE6
:108EA000A34201D19B1529E04D4BDB6C1B684E4C56
:108EB0004034A34202D14FF480231FE0484BDB6CC7
:108EC0001B68484C603CA34202D14FF4802315E05C
:108ED000434BDB6C1B68444CA034A34202D14FF4DB
:108EE00080230BE03E4BDB6C1B683E4CA34203D15E
:108EF0004FF4802302E004E04FF080733A4CE360CB
:108F000078E0374BDB6C1B68374C1034A34201D13F
:108F100004236DE0324BDB6C1B68324C903CA34267
:108F200001D1042364E02E4BDB6C1B682E4C7034A3
:108F3000A34201D104235BE0294BDB6C1B68294C65
:108F4000303CA34201D1042352E0254BDB6C1B686B
:108F5000254C2834A34201D19B1549E0204BDB6C02
:108F60001B68204C783CA34201D19B1540E01C4B70
:108F7000DB6C1B681C4C8834A34201D19B1537E085
:108F8000174BDB6C1B68174C183CA34201D19B1597
:108F90002EE0134BDB6C1B68134C4034A34202D110
:108FA0004FF4802324E00E4BDB6C1B680D4C603CBF
:108FB000A34202D14FF480231AE0094BDB6C1B68FB
:108FC000094CA034A34202D14FF4802310E0044B9B
:108FD000DB6C1B68034CA34208D14FF4802307E0ED
:108FE000A0090020A0640240006002404FF080739E
:108FF000FE4CA360FE4BDB6C1B68FE4CA34276D993
:10900000FB4BDB6C1B68F94C1034A34201D10123EC
:1090100069E0F74BDB6C1B68F64C483CA34201D17E
:10902000012360E0F24BDB6C1B68F04C7034A34210
:1090300001D1012357E0EE4BDB6C1B68ED4C18347B
:10904000A34201D101234EE0E94BDB6C1B68E74CE6
:109050002834A34201D1402345E0E54BDB6C1B687B
:10906000E44C303CA34201D140233CE0E04BDB6CBC
:109070001B68DE4C8834A34201D1402333E0DC4B33
:10908000DB6C1B68DB4C3034A34201D140232AE067
:10909000D74BDB6C1B68D54C4034A34202D14FF454
:1090A000803320E0D24BDB6C1B68D24C183CA342CF
:1090B00002D14FF4803316E0CD4BDB6C1B68CB4CF8
:1090C000A034A34202D14FF480330CE0C84BDB6CD8
:1090D0001B68C84C4834A34203D14FF4803302E0EC
:1090E00005E04FF48003C34C4C3C23606EE1C04B61
:1090F000DB6C1B68BD4CB834A34276D9BC4BDB6C2F
:109100001B68BA4C1034A34201D1012369E0B84B6B
:10911000DB6C1B68B74C483CA34201D1012360E0E3
:10912000B34BDB6C1B68B14C7034A34201D10123FB
:1091300057E0AF4BDB6C1B68AE4C1834A34201D137
:1091400001234EE0AA4BDB6C1B68A84C2834A342D9
:1091500001D1402345E0A64BDB6C1B68A54C303C9D
:10916000A34201D140233CE0A14BDB6C1B689F4C28
:109170008834A34201D1402333E09D4BDB6C1B6854
:109180009C4C3034A34201D140232AE0984BDB6C45
:109190001B68964C4034A34202D14FF4803320E048
:1091A000934BDB6C1B68934C183CA34202D14FF4E9
:1091B000803316E08E4BDB6C1B688C4CA034A342D2
:1091C00002D14FF480330CE0894BDB6C1B68894C77
:1091D0004834A34203D14FF4803302E005E04FF45A
:1091E0008003844C503C2360F0E0814BDB6C1B68B7
:1091F0007E4C5834A34275D97D4BDB6C1B687B4C8D
:109200001034A34201D1012369E0794BDB6C1B6868
:10921000784C483CA34201D1012360E0744BDB6CE5
:109220001B68724C7034A34201D1012357E0704B8C
:10923000DB6C1B686F4C1834A34201D101234EE054
:109240006B4BDB6C1B68694C2834A34201D1402373
:1092500045E0674BDB6C1B68664C303CA34201D198
:1092600040233CE0624BDB6C1B68604C8834A342BB
:1092700001D1402333E05E4BDB6C1B685D4C303426
:10928000A34201D140232AE0594BDB6C1B68574CA9
:109290004034A34202D14FF4803320E0544BDB6CC6
:1092A0001B68544C183CA34202D14FF4803316E0A3
:1092B0004F4BDB6C1B684D4CA034A34202D14FF4E2
:1092C00080330CE04A4BDB6C1B684A4C4834A342A9
:1092D00003D14FF4803302E004E04FF48003434CA9
:1092E000E36073E0424BDB6C1B68404C1034A342DC
:1092F00001D1012368E03E4BDB6C1B683D4C483CD0
:10930000A34201D101235FE0394BDB6C1B68374C72
:109310007034A34201D1012356E0354BDB6C1B684E
:10932000344C1834A34201D101234DE0304BDB6CA7
:109330001B682E4C2834A34201D1402344E02C4B1F
:10934000DB6C1B682B4C303CA34201D140233BE03B
:10935000274BDB6C1B68254C8834A34201D140238A
:1093600032E0234BDB6C1B68224C3034A34201D12A
:10937000402329E01E4BDB6C1B681C4C4034A3428D
:1093800002D14FF480331FE0194BDB6C1B68194C82
:10939000183CA34202D14FF4803315E0144BDB6C30
:1093A0001B68124CA034A34202D14FF480330BE06F
:1093B0000F4BDB6C1B680F4C4834A34202D14FF4B7
:1093C000803301E04FF48003084CA360084B9B6C92
:1093D0001B68084CA3427BD9054B9B6C1B68034C54
:1093E0001034A34208D120236EE000000060024048
:1093F000A009002058640240F74B9B6C1B68F74C97
:10940000A34201D120235FE0F34B9B6C1B68F44C1B
:10941000A34201D1202357E0EF4B9B6C1B68EF4C1C
:109420006034A34201D120234EE0EB4B9B6C1B68C0
:10943000EB4C483CA34201D1DB1445E0E64B9B6C6E
:109440001B68E64C1834A34201D1DB143CE0E24B2C
:109450009B6C1B68E24C1834A34201D1DB1433E04F
:10946000DD4B9B6C1B68DD4C7834A34201D1DB14CF
:109470002AE0D94B9B6C1B68D94C303CA34202D1EB
:109480004FF4001320E0D44B9B6C1B68D34C30345A
:10949000A34202D14FF4001316E0CF4B9B6C1B6824
:1094A000CF4C3034A34202D14FF400130CE0CA4B2E
:1094B0009B6C1B68C94C9034A34203D14FF400133A
:1094C00002E005E04FF00063C44C241F23606AE112
:1094D000C14B9B6C1B68C24C4834A34274D9BE4B31
:1094E0009B6C1B68BE4C603CA34201D1202366E00C
:1094F000B94B9B6C1B68B94CA34201D120235EE0A1
:10950000B54B9B6C1B68B64CA34201D1202356E09F
:10951000B14B9B6C1B68B14C6034A34201D120233A
:109520004DE0AD4B9B6C1B68AD4C483CA34201D158
:10953000DB1444E0A84B9B6C1B68A84C1834A34276
:1095400001D1DB143BE0A44B9B6C1B68A44C18348A
:10955000A34201D1DB1432E09F4B9B6C1B689F4CF4
:109560007834A34201D1DB1429E09B4B9B6C1B6830
:109570009B4C303CA34202D14FF400131FE0964BAA
:109580009B6C1B68954C3034A34202D14FF40013FE
:1095900015E0914B9B6C1B68914C3034A34202D177
:1095A0004FF400130BE08C4B9B6C1B688B4C90347E
:1095B000A34202D14FF4001301E04FF00063874C47
:1095C000083C2360EFE0FFE7834B9B6C1B68844CF7
:1095D000183CA34274D9804B9B6C1B68804C603C48
:1095E000A34201D1202366E07B4B9B6C1B687B4C24
:1095F000A34201D120235EE0774B9B6C1B68784C23
:10960000A34201D1202356E0734B9B6C1B68734C23
:109610006034A34201D120234DE06F4B9B6C1B684B
:109620006F4C483CA34201D1DB1444E06A4B9B6C75
:109630001B686A4C1834A34201D1DB143BE0664B33
:109640009B6C1B68664C1834A34201D1DB1432E0DA
:10965000614B9B6C1B68614C7834A34201D1DB14D5
:1096600029E05D4B9B6C1B685D4C303CA34202D1F2
:109670004FF400131FE0584B9B6C1B68574C303461
:10968000A34202D14FF4001315E0534B9B6C1B68AF
:10969000534C3034A34202D14FF400130BE04E4B35
:1096A0009B6C1B684D4C9034A34202D14FF40013C5
:1096B00001E04FF000634A4C703CE36073E0FFE769
:1096C000454B9B6C1B68464C603CA34201D1202358
:1096D00066E0414B9B6C1B68404CA34201D12023A8
:1096E0005EE03D4B9B6C1B683D4CA34201D12023A7
:1096F00056E0394B9B6C1B68384C6034A34201D157
:1097000020234DE0344B9B6C1B68354C483CA342F6
:1097100001D1DB1444E0304B9B6C1B682F4C183498
:10972000A34201D1DB143BE02B4B9B6C1B682C4C00
:109730001834A34201D1DB1432E0274B9B6C1B6829
:10974000264C7834A34201D1DB1429E0224B9B6CD8
:109750001B68234C303CA34202D14FF400131FE09E
:109760001D4B9B6C1B681D4C3034A34202D14FF43F
:10977000001315E0184B9B6C1B68194C3034A34246
:1097800002D14FF400130BE0134B9B6C1B68134C7E
:109790009034A34202D14FF4001301E04FF0006374
:1097A0000F4C703CA3600C4B9B6C1B680B4C4834FB
:1097B000A3427AD9084B9B6C1B68094C603CA342BE
:1097C00001D110236DE0044B9B6C1B68034CA3423A
:1097D00008D1102365E00000A009002010640240B9
:1097E00070600240F74B9B6C1B68F74CA34201D1A1
:1097F000102356E0F34B9B6C1B68F44CA34201D141
:1098000010234EE0EF4B9B6C1B68EF4C483CA3428F
:1098100001D11B1545E0EB4B9B6C1B68EB4C483CA6
:10982000A34201D11B153CE0E64B9B6C1B68E64C48
:109830001834A34201D11B1533E0E24B9B6C1B682B
:10984000E24C1834A34201D11B152AE0DD4B9B6C7E
:109850001B68DD4C303CA34202D14FF4801320E062
:10986000D84B9B6C1B68D94C303CA34202D14FF4BF
:10987000801316E0D34B9B6C1B68D34C3034A3424F
:1098800002D14FF480130CE0CE4B9B6C1B68CF4C85
:109890003034A34203D14FF4801302E005E04FF0CF
:1098A0008063CA4C643C23606AE1C64B9B6C1B68B6
:1098B000C54C4834A34274D9C24B9B6C1B68C24C44
:1098C000603CA34201D1102366E0BE4B9B6C1B6839
:1098D000BE4C603CA34201D110235DE0B94B9B6CB0
:1098E0001B68B94CA34201D1102355E0B54B9B6CCA
:1098F0001B68B64CA34201D110234DE0B14B9B6CC9
:109900001B68B14C483CA34201D11B1544E0AD4B50
:109910009B6C1B68AD4C483CA34201D11B153BE03E
:10992000A84B9B6C1B68A84C1834A34201D11B1593
:1099300032E0A44B9B6C1B68A44C1834A34201D1A9
:109940001B1529E09F4B9B6C1B689F4C303CA3422E
:1099500002D14FF480131FE09A4B9B6C1B689B4C09
:10996000303CA34202D14FF4801315E0954B9B6C21
:109970001B68954C3034A34202D14FF480130BE0A6
:10998000904B9B6C1B68914C3034A34202D14FF436
:10999000801301E04FF080638C4C683C2360EFE063
:1099A000FFE7884B9B6C1B68874C183CA34274D91B
:1099B000844B9B6C1B68844C603CA34201D11023F8
:1099C00066E0804B9B6C1B68804C603CA34201D1DD
:1099D00010235DE07B4B9B6C1B687B4CA34201D149
:1099E000102355E0774B9B6C1B68784CA34201D148
:1099F00010234DE0734B9B6C1B68734C483CA34297
:109A000001D11B1544E06F4B9B6C1B686F4C483CAD
:109A1000A34201D11B153BE06A4B9B6C1B686A4C4F
:109A20001834A34201D11B1532E0664B9B6C1B68B6
:109A3000664C1834A34201D11B1529E0614B9B6C85
:109A40001B68614C303CA34202D14FF480131FE0ED
:109A50005C4B9B6C1B685D4C303CA34202D14FF4C5
:109A6000801315E0574B9B6C1B68574C3034A34256
:109A700002D14FF480130BE0524B9B6C1B68534C8C
:109A80003034A34202D14FF4801301E04FF08063E1
:109A90004D4C703CE36073E0FFE74A4B9B6C1B68E6
:109AA000494C603CA34201D1102366E0454B9B6CBE
:109AB0001B68464C603CA34201D110235DE0414B42
:109AC0009B6C1B68404CA34201D1102355E03D4BD9
:109AD0009B6C1B683D4CA34201D110234DE0394BD8
:109AE0009B6C1B68384C483CA34201D11B1544E0D9
:109AF000344B9B6C1B68354C483CA34201D11B1571
:109B00003BE0304B9B6C1B682F4C1834A34201D1B7
:109B10001B1532E02B4B9B6C1B682C4C1834A3425A
:109B200001D11B1529E0274B9B6C1B68264C303C50
:109B3000A34202D14FF480131FE0224B9B6C1B68A1
:109B4000224C303CA34202D14FF4801315E01D4B50
:109B50009B6C1B681C4C3034A34202D14FF4801321
:109B60000BE0184B9B6C1B68184C3034A34202D19D
:109B70004FF4801301E04FF08063134C703CA360FE
:109B8000104B9B6C1B68114C183CA3427AD90D4BAF
:109B90009B6C1B680C4C603CA34201D108236DE018
:109BA000084B9B6C1B68094C603CA34201D1082305
:109BB00064E0044B9B6C1B68034CA34208D1082350
:109BC0005CE00000A0090020706002407064024068
:109BD000F74B9B6C1B68F74CA34201D108234DE067
:109BE000F34B9B6C1B68F44CA34201D15B1545E021
:109BF000EF4B9B6C1B68EF4C483CA34201D15B15BB
:109C00003CE0EB4B9B6C1B68EB4C6034A34201D1F6
:109C10005B1533E0E64B9B6C1B68E64C1834A342A3
:109C200001D15B152AE0E24B9B6C1B68E24C1834B7
:109C3000A34202D14FF4002320E0DD4B9B6C1B6854
:109C4000DC4C303CA34202D14FF4002316E0D84B49
:109C50009B6C1B68D84C7834A34202D14FF400238C
:109C60000CE0D34B9B6C1B68D24C3034A34203D125
:109C70004FF4002302E005E04FF00073CD4C643C4C
:109C800023606AE1CA4B9B6C1B68CB4C9034A342A7
:109C900074D9C74B9B6C1B68C74C183CA34201D1BD
:109CA000082366E0C24B9B6C1B68C24C603CA3421D
:109CB00001D108235DE0BE4B9B6C1B68BE4C483451
:109CC000A34201D1082354E0B94B9B6C1B68B94CEB
:109CD000A34201D108234CE0B54B9B6C1B68B64CEA
:109CE000A34201D15B1544E0B14B9B6C1B68B14CA6
:109CF000483CA34201D15B153BE0AD4B9B6C1B681C
:109D0000AD4C6034A34201D15B1532E0A84B9B6C93
:109D10001B68A84C1834A34201D15B1529E0A44B61
:109D20009B6C1B68A44C1834A34202D14FF400234F
:109D30001FE09F4B9B6C1B689E4C303CA34202D1A2
:109D40004FF4002315E09A4B9B6C1B689A4C7834B7
:109D5000A34202D14FF400230BE0954B9B6C1B6890
:109D6000944C3034A34202D14FF4002301E04FF071
:109D70000073904C683C2360EFE0FFE78C4B9B6CDA
:109D80001B688D4C3034A34274D9894B9B6C1B6883
:109D9000894C183CA34201D1082366E0844B9B6C9C
:109DA0001B68844C603CA34201D108235DE0804BDA
:109DB0009B6C1B68804C4834A34201D1082354E0BB
:109DC0007B4B9B6C1B687B4CA34201D108234CE06E
:109DD000774B9B6C1B68784CA34201D15B1544E028
:109DE000734B9B6C1B68734C483CA34201D15B15C1
:109DF0003BE06F4B9B6C1B686F4C6034A34201D1FE
:109E00005B1532E06A4B9B6C1B686A4C1834A342AA
:109E100001D15B1529E0664B9B6C1B68664C1834BE
:109E2000A34202D14FF400231FE0614B9B6C1B68DF
:109E3000604C303CA34202D14FF4002315E05C4B50
:109E40009B6C1B685C4C7834A34202D14FF4002316
:109E50000BE0574B9B6C1B68564C3034A34202D12D
:109E60004FF4002301E04FF00073534C283CE360B3
:109E700073E0FFE74E4B9B6C1B684F4C183CA342B2
:109E800001D1082366E04A4B9B6C1B68494C603C3F
:109E9000A34201D108235DE0454B9B6C1B68464CF7
:109EA0004834A34201D1082354E0414B9B6C1B680A
:109EB000404CA34201D108234CE03D4B9B6C1B68F6
:109EC0003D4CA34201D15B1544E0394B9B6C1B68B0
:109ED000384C483CA34201D15B153BE0344B9B6CB2
:109EE0001B68354C6034A34201D15B1532E0304B26
:109EF0009B6C1B682F4C1834A34201D15B1529E0E1
:109F00002B4B9B6C1B682C4C1834A34202D14FF492
:109F100000231FE0264B9B6C1B68264C303CA34261
:109F200002D14FF4002315E0214B9B6C1B68224C9F
:109F30007834A34202D14FF400230BE01C4B9B6CFE
:109F40001B681C4C3034A34202D14FF4002301E0C3
:109F50004FF00073184C283CA360154B9B6C1B689A
:109F6000144C183CA3427AD9114B9B6C1B68124CC1
:109F7000183CA34201D104236DE00D4B9B6C1B6880
:109F80000C4C603CA34201D1042364E0084B9B6C61
:109F90001B68094C4834A34201D104235BE0044B05
:109FA0009B6C1B68034CA34208D1042353E00000C0
:109FB000A00900207064024028600240F74B9B6CAF
:109FC0001B68F74CA34201D19B1544E0F34B9B6CFB
:109FD0001B68F44CA34201D19B153CE0EF4B9B6CFA
:109FE0001B68EF4C6034A34201D19B1533E0EB4B6F
:109FF0009B6C1B68EB4C6034A34201D19B152AE09B
:10A00000E64B9B6C1B68E64C1834A34202D14FF41C
:10A01000802320E0E14B9B6C1B68E24C1834A34288
:10A0200002D14FF4802316E0DC4B9B6C1B68DC4CA8
:10A030007834A34202D14FF480230CE0D74B9B6CC1
:10A040001B68D84C7834A34203D14FF4802302E03C
:10A0500005E04FF08073D34C1C3C23606AE1CF4B8A
:10A060009B6C1B68CE4C9034A34274D9CB4B9B6C39
:10A070001B68CB4C183CA34201D1042366E0C74BBC
:10A080009B6C1B68C74C183CA34201D104235DE0C4
:10A09000C24B9B6C1B68C24C4834A34201D10423C1
:10A0A00054E0BE4B9B6C1B68BE4C4834A34201D1AC
:10A0B00004234BE0B94B9B6C1B68B94CA34201D104
:10A0C0009B1543E0B54B9B6C1B68B64CA34201D17A
:10A0D0009B153BE0B14B9B6C1B68B14C6034A342B9
:10A0E00001D19B1532E0AD4B9B6C1B68AD4C6034CD
:10A0F000A34201D19B1529E0A84B9B6C1B68A84C7F
:10A100001834A34202D14FF480231FE0A34B9B6C71
:10A110001B68A44C1834A34202D14FF4802315E0ED
:10A120009E4B9B6C1B689E4C7834A34202D14FF42B
:10A1300080230BE0994B9B6C1B689A4C7834A342AC
:10A1400002D14FF4802301E04FF08073954C203C06
:10A150002360EFE0FFE7914B9B6C1B68904C303421
:10A16000A34274D98D4B9B6C1B688D4C183CA34249
:10A1700001D1042366E0894B9B6C1B68894C183C19
:10A18000A34201D104235DE0844B9B6C1B68844C8B
:10A190004834A34201D1042354E0804B9B6C1B68DC
:10A1A000804C4834A34201D104234BE07B4B9B6C91
:10A1B0001B687B4CA34201D19B1543E0774B9B6C02
:10A1C0001B68784CA34201D19B153BE0734B9B6C01
:10A1D0001B68734C6034A34201D19B1532E06F4B76
:10A1E0009B6C1B686F4C6034A34201D19B1529E026
:10A1F0006A4B9B6C1B686A4C1834A34202D14FF423
:10A2000080231FE0654B9B6C1B68664C1834A3428F
:10A2100002D14FF4802315E0604B9B6C1B68604CAF
:10A220007834A34202D14FF480230BE05B4B9B6C4C
:10A230001B685C4C7834A34202D14FF4802301E0C8
:10A240004FF08073564C283CE36073E0FFE7534BBC
:10A250009B6C1B68524C183CA34201D1042366E05E
:10A260004E4B9B6C1B684F4C183CA34201D10423FE
:10A270005DE04A4B9B6C1B68494C4834A34201D1BA
:10A28000042354E0454B9B6C1B68464C4834A34266
:10A2900001D104234BE0414B9B6C1B68404CA34213
:10A2A00001D19B1543E03D4B9B6C1B683D4CA34289
:10A2B00001D19B153BE0394B9B6C1B68384C6034DB
:10A2C000A34201D19B1532E0344B9B6C1B68354C8B
:10A2D0006034A34201D19B1529E0304B9B6C1B6875
:10A2E0002F4C1834A34202D14FF480231FE02B4B94
:10A2F0009B6C1B682B4C1834A34202D14FF4802373
:10A3000015E0264B9B6C1B68254C7834A34202D188
:10A310004FF480230BE0214B9B6C1B68214C78345D
:10A32000A34202D14FF4802301E04FF080731C4C14
:10A33000283CA360194B9B6C1B681A4C3034A34219
:10A340007AD9164B9B6C1B68154C183CA34201D163
:10A3500001236DE0114B9B6C1B68124C183CA3420F
:10A3600001D1012364E00D4B9B6C1B680C4C4834FD
:10A37000A34201D101235BE0084B9B6C1B68094C95
:10A380004834A34201D1012352E0044B9B6C1B686B
:10A39000034CA34208D140234AE00000A00900205A
:10A3A0002860024028640240E74B9B6C1B68E74C26
:10A3B000A34201D140233BE0E34B9B6C1B68E44C80
:10A3C000A34201D1402333E0DF4B9B6C1B68DF4C81
:10A3D0006034A34201D140232AE0DB4B9B6C1B6815
:10A3E000DB4C483CA34202D14FF4803320E0D64BF3
:10A3F0009B6C1B68D54C1834A34202D14FF48033B8
:10A4000016E0D14B9B6C1B68D14C1834A34202D18F
:10A410004FF480330CE0CC4B9B6C1B68CB4C7834F6
:10A42000A34203D14FF4803302E005E04FF48003F0
:10A43000C64C1C3C23606AE1C34B9B6C1B68C44C3C
:10A440003034A34274D9C04B9B6C1B68C04C783C21
:10A45000A34201D1012366E0BB4B9B6C1B68BB4C44
:10A46000183CA34201D101235DE0B74B9B6C1B68F4
:10A47000B74C183CA34201D1012354E0B24B9B6C72
:10A480001B68B24C4834A34201D101234BE0AE4BD0
:10A490009B6C1B68AE4C603CA34201D1402342E060
:10A4A000A94B9B6C1B68A94CA34201D140233AE005
:10A4B000A54B9B6C1B68A64CA34201D1402332E004
:10A4C000A14B9B6C1B68A14C6034A34201D140237B
:10A4D00029E09D4B9B6C1B689D4C483CA34202D1DC
:10A4E0004FF480331FE0984B9B6C1B68974C1834DB
:10A4F000A34202D14FF4803315E0934B9B6C1B6851
:10A50000934C1834A34202D14FF480330BE08E4BAE
:10A510009B6C1B688D4C7834A34202D14FF480337E
:10A5200001E04FF48003894C203C2360EFE0FFE71B
:10A53000854B9B6C1B68864C303CA34274D9824B84
:10A540009B6C1B68824C783CA34201D1012366E0DE
:10A550007D4B9B6C1B687D4C183CA34201D10123B1
:10A560005DE0794B9B6C1B68794C183CA34201D190
:10A57000012354E0744B9B6C1B68744C4834A34219
:10A5800001D101234BE0704B9B6C1B68704C603C0D
:10A59000A34201D1402342E06B4B9B6C1B686B4C88
:10A5A000A34201D140233AE0674B9B6C1B68684C87
:10A5B000A34201D1402332E0634B9B6C1B68634C88
:10A5C0006034A34201D1402329E05F4B9B6C1B68A0
:10A5D0005F4C483CA34202D14FF480331FE05A4BFA
:10A5E0009B6C1B68594C1834A34202D14FF4803342
:10A5F00015E0554B9B6C1B68554C1834A34202D197
:10A600004FF480330BE0504B9B6C1B684F4C7834FD
:10A61000A34202D14FF4803301E04FF480034C4C4D
:10A62000883CE36073E0FFE7474B9B6C1B68484C3A
:10A63000783CA34201D1012366E0434B9B6C1B682D
:10A64000424C183CA34201D101235DE03E4B9B6C80
:10A650001B683F4C183CA34201D1012354E03A4B04
:10A660009B6C1B68394C4834A34201D101234BE059
:10A67000354B9B6C1B68364C603CA34201D1402398
:10A6800042E0314B9B6C1B68304CA34201D140230C
:10A690003AE02D4B9B6C1B682D4CA34201D140230B
:10A6A00032E0294B9B6C1B68284C6034A34201D1DB
:10A6B000402329E0244B9B6C1B68254C483CA3425B
:10A6C00002D14FF480331FE01F4B9B6C1B681F4C63
:10A6D0001834A34202D14FF4803315E01A4B9B6C1F
:10A6E0001B681B4C1834A34202D14FF480330BE09B
:10A6F000154B9B6C1B68154C7834A34202D14FF468
:10A70000803301E04FF48003114C883CA360114B6F
:10A710001B68D960104B1B68D8600E4B1B685A60D1
:10A720000D4B1B685A600B4B1B681B6843F0010301
:10A73000084C24682360084B1B681B6843F0010326
:10A74000054C2468236010BDA00900202864024045
:10A7500088600240F8090020580A002010B5594BC3
:10A760001B685B6843F00203564C24686360554BDA
:10A770001B685B6843F00103524C24686360514BD3
:10A780001B681B6843F040034E4C246823604E4B0B
:10A790001B681B6823F001034B4C2468236007E00F
:10A7A000494B1B681B6823F00103474C2468236056
:10A7B000454B1B681B6803F00103002BF0D1424B93
:10A7C0001B68424CA34205D94FF400133F4C4C3C4C
:10A7D00023601BE03C4B1B683D4CA34205D94FF462
:10A7E00000133A4C503C236010E0374B1B68384C48
:10A7F000603CA34205D94FF40013354CB83CE360EC
:10A8000004E04FF40013324CB83CA360314B2E4CA3
:10A810002468A3602C4B1B68D9602B4B1B685A60C3
:10A82000294B1B681B6843F01003274C24682360E6
:10A83000294B1B681B6823F00103274C2468236005
:10A8400007E0254B1B681B6823F00103224C24689A
:10A850002360214B1B681B6803F00103002BF0D120
:10A860001D4B1B68194CA34205D94FF00063174CD0
:10A870004C3C23601BE0184B1B68154CA34205D9C8
:10A880004FF00063114C503C236010E0124B1B68EA
:10A890000F4C603CA34205D94FF000630C4CB83C10
:10A8A000E36004E04FF00063094CB83CA360094B3F
:10A8B000094C2468A360084B1B68D860064B1B68D2
:10A8C0005A6010BDA0090020F80900205864024019
:10A8D000B86002400C300140580A00207CB50446A4
:10A8E0000E4615463346012202212046009500F00F
:10A8F00039F828B1606D40F02000606503207CBD10
:10A90000164800681821B0FBF1F01549B0FBF1F0D2
:10A910004FF47A71484301906068B0F5827F0DD1A1
:10A920003346002280212046009500F01BF898B1A4
:10A93000606D40F0200060650320E0E700BF0198F3
:10A9400000B908E00198401E019020688068C0F3BB
:10A95000C0100028F3D100BF0020D0E7380000204D
:10A9600040420F002DE9F84F04460D4690461E4622
:10A97000DDF82890F9F7D4F9A0EB0900371AF9F7B8
:10A98000CFF982462C480068C0F3CB307843009062
:10A9900046E0701C002843D0F9F7C2F9A0EB0A008A
:10A9A000B84200D2A7BB2068406820F0E0002168D0
:10A9B00048606068B0F5827F0DD1A068B0F5004FA7
:10A9C00003D0A068B0F5806F05D12068006820F042
:10A9D000400021680860A06AB0F5005F0DD100BF9B
:10A9E0002068006820F40050216808602068006832
:10A9F00040F400502168086000BF012084F8510035
:10AA000000BF002084F8500000BF0320BDE8F88F8D
:10AA1000FFE7009808B9002702E00098401E009068
:10AA2000206880682840A84201D1012000E0002071
:10AA30004045AED10020E9E73800002030B501469E
:10AA40000A461378521C147843EA042030BD10B52E
:10AA5000F9F76CF906F092FB012801D005F0E8FE49
:10AA600010BD000000B593B0302107A8F5F7B3FD85
:10AA7000142102A8F5F7AFFD00BF00200190244883
:10AA8000006840F08050224908600846006800F0E5
:10AA90008050019000BF00BF00BF002001901D4802
:10AAA000006840F480401B4908600846006800F4D4
:10AAB0008040019000BF00BF012007900004089073
:10AAC00002200D9041050E9106210F91A8211091B1
:10AAD000022111910721129107A8FAF729FA08B16A
:10AAE000F7F75CFD0F2002900220039000200490F5
:10AAF0004FF4A05005904FF480500690052102A815
:10AB0000FAF7D6F808B1F7F749FD13B000BD000019
:10AB100040380240007000400348006840F4700074
:10AB2000014908607047000088ED00E010B5026838
:10AB30002B4B98420ED0B0F1804F0BD0294B98424E
:10AB400008D0294B984205D0284B984202D0284B78
:10AB5000984203D122F070024B681A43204B98426E
:10AB600020D0B0F1804F1DD01E4B98421AD01E4B02
:10AB7000984217D01D4B984214D01D4B984211D0CB
:10AB80001C4B98420ED01C4B98420BD01B4B98424A
:10AB900008D01B4B984205D01A4B984202D01A4B52
:10ABA000984203D122F44072CB681A4322F080030A
:10ABB0004C6943EA04028B68C3620B688362084BEA
:10ABC000984202D00A4B984201D10B690363036893
:10ABD00043F00403036001234361026010BD0000E1
:10ABE000000001400004004000080040000C00404C
:10ABF0000004014000400140004401400048014081
:10AC000000180040001C00400020004030B501F05A
:10AC10001F05012404FA05F3046A9C430462046AD4
:10AC200001F01F0502FA05F52C43046230BD000057
:10AC300030B5026A056A25F001050562436884693A
:10AC400024F0700424F003040D682C4322F0020267
:10AC50008D682A43104DA84200D103E00F4DA84251
:10AC600006D100BF22F00802CD682A4322F0040278
:10AC7000094DA84202D0094DA84207D123F48073A0
:10AC800023F400734D692B438D692B43436084612A
:10AC90004D684563026230BD000001400004014080
:10ACA00030B5026A056A25F01005056243688469BB
:10ACB00024F4E04424F440740D6844EA052422F0AE
:10ACC00020028D6842EA0512124DA84200D103E02D
:10ACD000114DA84207D100BF22F08002CD6842EAA0
:10ACE000051222F040020B4DA84202D00A4DA842A4
:10ACF00009D123F4806323F400634D6943EA85039B
:10AD00008D6943EA8503436084614D68856302620F
:10AD100030BD0000000001400004014030B5026A6F
:10AD2000056A25F4807505624368C46924F07004DF
:10AD300024F003040D682C4322F400728D6842EA6B
:10AD40000522124DA84200D103E0114DA84207D1BF
:10AD500000BF22F40062CD6842EA052222F480623C
:10AD60000A4DA84202D00A4DA84209D123F48053CB
:10AD700023F400534D6943EA05138D6943EA051333
:10AD80004360C4614D68C563026230BD000001408C
:10AD90000004014030B5036A056A25F48055056258
:10ADA0004468C26922F4E04222F440720D6842EA2B
:10ADB000052223F400538D6843EA0533084DA84269
:10ADC00002D0084DA84204D124F480444D6944EADD
:10ADD00085144460C2614D680564036230BD0000A3
:10ADE000000001400004014070B50446A56B00203E
:10ADF000E8852846FAF761FF70BD70B50646002564
:10AE0000B46B20684069C0F3C01594F84100212854
:10AE100005D125B10020E084204600F0C8F8206864
:10AE20004069C0F3801594F84200222805D125B16D
:10AE30000020E085204600F074F8606C40F01000BF
:10AE400060642046FAF739FF70BD70B50546AC6BFB
:10AE50002868006800F48070002842D1E08500BFB7
:10AE600000BF21680C3151E8001F21F48070216877
:10AE70000C3141E80002002AF3D100BF00BF00BF3F
:10AE80002168143151E8001F21F0010021681431BC
:10AE900041E80002002AF3D100BF00BF00BF2168D3
:10AEA000143151E8001F21F040002168143141E8BD
:10AEB0000002002AF3D100BF202084F84200206B5A
:10AEC00001280ED100BF00BF21680C3151E8001FDE
:10AED00021F0100021680C3141E80002002AF3D172
:10AEE00000BF00206063206B012804D1A18D2046A3
:10AEF000FAF7E2FE02E02046FBF75AFA70BD70B5A1
:10AF00000546AC6B01206063206B012805D1A08D44
:10AF100041082046FAF7D0FE02E02046FBF749FA46
:10AF200070BD00BF00BF02680C3252E8002F22F44F
:10AF3000907102680C3242E80013002BF3D100BF7D
:10AF400000BF00BF0268143252E8002F22F0010156
:10AF50000268143242E80013002BF3D100BF016BEA
:10AF600001290ED100BF00BF02680C3252E8002F49
:10AF700022F0100102680C3242E80013002BF3D1DA
:10AF800000BF202180F8421000210163704710B5F6
:10AF900004462068C06820F040002168C860202076
:10AFA00084F841002046FBF705FA002010BD00BFE1
:10AFB00000BF02680C3252E8002F22F0C001026884
:10AFC0000C3242E80013002BF3D100BF202180F89F
:10AFD00041107047F8B504460025002694F8420059
:10AFE000222873D1A068B0F5805F0BD1206948B9E1
:10AFF000A66A20684068C0F308003080A06A801C00
:10B00000A06214E0A56AA068B0F5805F03D0A068D4
:10B0100028B9206918B920684068287004E02068C1
:10B02000406800F07F002870A06A401CA062E08D9C
:10B03000401E80B2E085002846D12068C06820F01C
:10B0400020002168C8602068C06820F480702168F2
:10B05000C8602068406920F0010021684861202014
:10B0600084F8420000206063206B012826D1002074
:10B07000206300BF00BF21680C3151E8001F21F0A0
:10B08000100021680C3141E80002002AF3D100BF12
:10B090002068006800F0100010280AD100BF0020CE
:10B0A000009020680068009020684068009000BF11
:10B0B00000BFA18D2046FAF7FFFD02E02046FBF716
:10B0C00077F90020F8BD01E00020FBE70220F9E756
:10B0D0002DE9F84F04462068006920F44050E168EB
:10B0E0000843216808612169A06808436169084331
:10B0F000E169084300902068C06849F20C61884308
:10B10000009908432168C8602068406920F44070B5
:10B11000A16908432168486176492068884203D0C4
:10B1200075492068884203D1F9F79AFE814602E00A
:10B13000F9F786FE8146E069B0F5004F6CD1022038
:10B140006168A0FB015003461920A9FB007001466D
:10B150002A463846F5F708F96421B0FBF1F04FEACA
:10B16000001A02206168A0FB01510B461920A9FBBF
:10B1700000712A463846F5F7F7F8834602206168E1
:10B18000A0FB015003461920A9FB00712A4638464E
:10B19000F5F7EAF86421B0FBF1F000EBC00101EB38
:10B1A0000010ABEB8000322101EBC0006421B0FB4A
:10B1B000F1F000F0F8000AEB400A02206168A0FB01
:10B1C000015003461920A9FB007001462A46384663
:10B1D000F5F7CAF8834602206168A0FB01500346D8
:10B1E0001920A9FB00712A463846F5F7BDF86421FD
:10B1F000B0FBF1F000EBC00101EB0010ABEB800005
:10B20000322101EBC0006421B0FBF1F000F0070037
:10B210005044216888606AE004206168A0FB015006
:10B2200003461920A9FB007001462A463846F5F767
:10B230009BF8824604206168A0FB01500346192058
:10B24000A9FB007001462A463846F5F78DF86421BF
:10B25000B0FBF1F000EBC00101EB0010AAEB8000A5
:10B26000322101EB00106421B0FBF1F000F0F00A94
:10B2700004206168A0FB017003461920A9FB00515E
:10B280003A462846F5F770F86421B0FBF1F00AEB76
:10B29000001A04206168A0FB01510B461920A9FB8C
:10B2A00000712A463846F5F75FF883460420616846
:10B2B000A0FB015003461920A9FB007001462A4655
:10B2C0003846F5F751F86421B0FBF1F000EBC0010E
:10B2D00001EB0010ABEB8000322101EB0010642188
:10B2E000B0FBF1F000F00F00504421688860BDE829
:10B2F000F88F0000001001400014014077B581B0C4
:10B30000044615460298A062A585002060642220AC
:10B3100084F842002C48E16BC8632C48E16B086458
:10B320002B48E16BC8640020E16B086502AE32680F
:10B330002368191D2B46E06BF8F78AFA38B1102004
:10B340006064202084F84200012004B070BD00BF7A
:10B3500000200090206800680090206840680090FD
:10B3600000BF00BF206970B100BF00BF21680C3171
:10B3700051E8001F41F4807021680C3141E800025F
:10B38000002AF3D100BF00BF00BF2168143151E88B
:10B39000001F41F001002168143141E80002002A39
:10B3A000F3D100BF00BF00BF2168143151E8001F76
:10B3B00041F040002168143141E80002002AF3D135
:10B3C00000BF0020C1E700004BAE0008FFAE000840
:10B3D000FBAD0008014691F84100212828D188687A
:10B3E000B0F5805F0BD1086948B90A6A1088C0F3CC
:10B3F00008000B685860086A801C086205E00B6A48
:10B40000581C086218780B685860C88C401E80B2BF
:10B41000C88458B90868C06820F080000B68D860FC
:10B420000868C06840F040000B68D8600020704792
:10B430000220FCE708B5144800680068C0F300105B
:10B4400008B300BF002000900F480068006800901B
:10B450000D4800684068009000BF00BF0B480068BE
:10B4600088B10020009069460848006804F0ACFFED
:10B47000009838B14FF0805005490860BFF34F8FF6
:10B48000BFF36F8F00BF08BD000B00201C00002021
:10B4900004ED00E010B50248FAF710FC10BD000002
:10B4A000480B002008B5224800680068C0F300106F
:10B4B000002839D000BF002000901D4800680068B7
:10B4C00000901B4800684068009000BF00BF18480B
:10B4D000C06BA0B11649C96B0968496888B21549A3
:10B4E000B1F80412091A144A11801249B1F8041271
:10B4F0001288914202DC00210F4A118000BF0F48E0
:10B50000006888B10020009069460C48006804F08B
:10B510005BFF009838B14FF0805009490860BFF3D5
:10B520004F8FBFF36F8F00BF0148FAF7C7FB08BD0D
:10B53000900B00202C7200209C01002014000020A1
:10B5400004ED00E02DE9F04104460D46D4F8C87240
:10B5500004F53070D4F8D41250F8210010B903204B
:10B56000BDE8F08104F53070D4F8D41250F82160B1
:10B5700005F00F0000EB800104F1140050F82100E9
:10B5800028B305F00F0000EB800104F1140050F81F
:10B59000211005F00F0000EBC00207F1140000EBD2
:10B5A00082008068B1FBF0F200FB121078B9002134
:10B5B00005F00F0000EB800204F1140040F82210A7
:10B5C00000231A462946204601F016F917E000200C
:10B5D000C6F8140204F53170D4F8D41250F82100E2
:10B5E000006960B1D6F8080204F53171D4F8D422AC
:10B5F00051F822102A460B6906F50471984700207D
:10B60000AEE770B504460E4604F53070D4F8D41297
:10B6100050F82150D4F8D41250F8210008B9032072
:10B6200070BD3146204600F03EFFC5F80C02D5F84B
:10B63000040204F53171D4F8D43251F82310CA68E9
:10B6400005F5037190470020EAE7000070B5044655
:10B650000D4630480178204600F0EFFD00212D48CE
:10B66000007800F00F0000EB800204F1140000EB02
:10B670008200C17328480178204600F0DEFD0021D9
:10B680002548007800F00F0000EB800204F5AA7056
:10B6900000EB8200C17321480178204600F0CDFD07
:10B6A00000211E48007800F00F0000EB800204F13A
:10B6B000140000EB8200C1731848007800F00F00FE
:10B6C00000EB800204F1140000EB8200816004F5BD
:10B6D0003070D4F8D41250F82100C8B104F531719B
:10B6E000D4F8D42251F822104868804704F530710C
:10B6F000D4F8D42251F8220001F0AAFB002104F56D
:10B700003070D4F8D42240F822100020C4F8BC02D3
:10B71000002070BD930200209402002095020020BA
:10B7200070B5044604F53070D4F8D41250F82150A6
:10B730000DB9032070BD04F53170D4F8D41250F85F
:10B74000210098B195F80002FF280FD095F801224A
:10B7500095F8000204F53171D4F8D46251F826103E
:10B760008B6829469847FF2085F800020020E1E712
:10B7700001460A2008800148704700000C020020A2
:10B780002DE9F041044682210D4800F072FC054687
:10B7900001210B4800F06DFC06468121084800F0AD
:10B7A00068FC07460DB11020A8710EB14020B08092
:10B7B0000FB14020B880432020800148BDE8F081CF
:10B7C000500200202DE9F041044682210E4800F08D
:10B7D00050FC054601210C4800F04BFC0646812137
:10B7E000094800F046FC07460DB11020A87116B1BB
:10B7F0004FF40070B08017B14FF40070B880432050
:10B8000020800148BDE8F081500200202DE9F04180
:10B81000044682210D4800F02CFC054601210B480E
:10B8200000F027FC06468121084800F022FC07466C
:10B830000DB11020A8710EB14020B0800FB1402092
:10B84000B880432020800148BDE8F08150020020EC
:10B8500070B504460E464FF4077001F0FBFA05463A
:10B8600045B9002104F53070D4F8D42240F82210F4
:10B87000022070BD4FF407712846F4F7ACFE04F5C2
:10B880003070D4F8D41240F82150D4F8D41250F8C3
:10B890002100C4F8BC02207C98BB4FF40073022244
:10B8A00050480178204600F09FFE01214D48007865
:10B8B00000F00F0000EB800204F1140000EB8200A6
:10B8C000C1734B02022248480178204600F08CFEEA
:10B8D00001214548007800F00F0000EB800204F5DC
:10B8E000AA7000EB8200C17310214048007800F07C
:10B8F0000F0000EB800204F1140000EB8200816075
:10B9000032E0FFE74023022236480178204600F06B
:10B910006BFE01213348007800F00F0000EB80023D
:10B9200004F1140000EB8200C173402302222E4870
:10B930000178204600F058FE01212B48007800F0E5
:10B940000F0000EB800204F5AA7000EB8200C173C7
:10B9500010212648007800F00F0000EB800204F16F
:10B96000140000EB82008160082303221F48017845
:10B97000204600F039FE01211C48007800F00F003D
:10B9800000EB800204F1140000EB8200C173002080
:10B99000C5F8040204F53171D4F8D42251F822100C
:10B9A000086880470020C5F81402C5F81802D5F8C9
:10B9B000040208B902205CE7207C48B94FF4007308
:10B9C000094801782046D5F8042200F025FE07E05A
:10B9D0004023054801782046D5F8042200F01CFEDB
:10B9E000002046E7930200209402002095020020E8
:10B9F00070B5044604F53070D4F8D41250F82150D4
:10BA0000D4F8D41250F8210008B9032070BD207C6E
:10BA100048B94FF40073094801782046D5F804224C
:10BA200000F0FAFD07E04023044801782046D5F8ED
:10BA3000042200F0F1FD0020E8E70000940200205D
:10BA4000024609B90320704702F53170D2F8D432AA
:10BA500040F823100020F6E710B5024602F53070DA
:10BA6000D2F8D44250F824300BB9032010BDC3F8EB
:10BA700004120020FAE730B503460C4603F5307097
:10BA8000D3F8D45250F8251009B9032030BDC1F8BD
:10BA90000842C1F810220020F8E72DE9FC410546D4
:10BAA0000C4605F53070D5F8D41250F8216000200E
:10BAB00001900090804616B90320BDE8FC812078F3
:10BAC00000F0600000283DD020287CD1E08868B3D9
:10BAD000207800F08000B8B1E288607805F5317117
:10BAE000D5F8D4C251F82C108B6831469847E088BD
:10BAF000072801D9072000E0E08807463A4631468A
:10BB0000284600F0E5F81CE0607886F80002E0883E
:10BB1000402801D2E08800E0402086F8010296F833
:10BB200001223146284600F0AFF80AE0607805F5BA
:10BB30003171D5F8D42251F8221000228B682146A9
:10BB4000984747E0607830B1012832D00A2813D0F6
:10BB50000B282FD121E095F89C02032805D1022261
:10BB60006946284600F0B4F805E02146284600F072
:10BB70007FF84FF0030824E095F89C02032805D1D4
:10BB8000012201A9284600F0A3F805E02146284635
:10BB900000F06EF84FF0030813E095F89C020328BC
:10BBA00005D02146284600F063F84FF0030808E06E
:10BBB00009E006E02146284600F05AF84FF0030855
:10BBC00000BF00BF06E02146284600F051F84FF0C4
:10BBD000030800BF00BF40466FE770B504460D463E
:10BBE0000026D4F8B802294642682046904700B1A2
:10BBF0000326304670BD70B504460D4694F89C028D
:10BC0000012804D0022803D003280CD101E000BF92
:10BC100000BF6888012805D10020C4F8A40220468E
:10BC200000F068F804E02946204600F021F800BF43
:10BC300000BF70BD024600207047024600207047DA
:10BC400070B506460C4615462B4622460021304666
:10BC500000F0E2FC002070BD70B506460C461546AB
:10BC60002B4622460021304600F0C6FD002070BD64
:10BC700070B504460D468021204600F08DFD002160
:10BC8000204600F089FD70BD70B504460E4615468D
:10BC90000320C4F89402C4F854514FF4B270065112
:10BCA0004FF4AC7005512B4632460021204600F07F
:10BCB000B3FC002070BD10B504460520C4F8940202
:10BCC00000231A461946204600F0A6FC002010BDAD
:10BCD00070B504460E4615460220C4F8940265610C
:10BCE0006662A5612B4632460021204600F084FDA5
:10BCF000002070BD10B504460420C4F8940200234F
:10BD00001A461946204600F077FD002010BD0000BD
:10BD100070B505460C462DB92246064906A000F02E
:10BD200012FA04E02246034903A000F00CFA01488D
:10BD300070BD00004484002043444320436F6E667E
:10BD40006967000002461220088001487047000021
:10BD5000BC01002070B505460C462DB922460649A7
:10BD600006A000F0F0F904E02246034903A000F029
:10BD7000EAF9014870BD0000448400204344432098
:10BD8000496E7465726661636500000002460420B6
:10BD90000880014870470000D001002070B50546BA
:10BDA0000C462246024903A000F0CDF9004870BDC0
:10BDB0004484002053544D6963726F656C656374ED
:10BDC000726F6E696373000070B505460C462DB93D
:10BDD0002246064906A000F0B6F904E022460349CF
:10BDE00003A000F0B0F9014870BD000044840020B9
:10BDF00053544D3332205669727475616C20436F11
:10BE00006D506F727400000070B505460C461A2024
:10BE10002080F6F725FD014870BD0000D401002008
:10BE200070B504460D46E888012804D0294620460E
:10BE3000FFF71EFF1EE094F89C02012804D00228A0
:10BE400003D0032810D109E000BF0020A060012228
:10BE500004F108012046FFF73BFF0AE00122211D03
:10BE60002046FFF735FF04E029462046FFF700FF94
:10BE700000BF00BF70BDF8B504460E46002000901C
:10BE80000027002570880012082875D2DFE800F02E
:10BE9000C7040C20C7C7A5B5207CD4F8B4120A6823
:10BEA000694690470746C1E0207C40B9D4F8B80203
:10BEB000816A6846884707460220787007E0D4F810
:10BEC000B802C16A68468847074602207870ADE02C
:10BED000B078062878D2DFE800F00316293C5063DA
:10BEE000D4F8B402406838B1207CD4F8B4124A685F
:10BEF00069469047074605E031462046FFF7B8FE01
:10BF0000681CC5B267E0D4F8B402806838B1207C00
:10BF1000D4F8B4128A6869469047074605E031466E
:10BF20002046FFF7A5FE681CC5B254E0D4F8B40261
:10BF3000C06838B1207CD4F8B412CA68694690470A
:10BF4000074605E031462046FFF792FE681CC5B261
:10BF500041E0D4F8B402006938B1207CD4F8B412BE
:10BF60000A6969469047074605E031462046FFF7D3
:10BF70007FFE681CC5B22EE051E0D4F8B4024069DF
:10BF800038B1207CD4F8B4124A6969469047074614
:10BF900005E031462046FFF76BFE681CC5B21AE08B
:10BFA000D4F8B402806940B1207CD4F8B4128A6914
:10BFB00069469047074606E006E031462046FFF70F
:10BFC00057FE681CC5B206E031462046FFF750FE1A
:10BFD000681CC5B200BF00BF28E0207C30B9D4F88F
:10BFE000B802416B68468847074605E0314620465F
:10BFF000FFF73EFE681CC5B218E0207C40B9D4F8BB
:10C00000B802016B6846884707460720787005E04C
:10C0100031462046FFF72CFE681CC5B206E03146CB
:10C020002046FFF725FE681CC5B200BF00BF05B162
:10C03000F8BDF088C0B1BDF8000080B1F088BDF84F
:10C040000010884202DDBDF8000000E0F08800909A
:10C05000BDF8002039462046FFF73AFE07E031469A
:10C060002046FFF705FE02E02046FFF743FE00BF33
:10C07000DEE72DE9F84105460F462C462E464FF0E7
:10C08000000870883178884218DD307800900FE021
:10C090006946204600F020F804466078052807D15C
:10C0A000A04698F80200B84200D106E04FF0000820
:10C0B0007088BDF800108842EADC00BF4046BDE849
:10C0C000F881014600200A4602E0431CD8B2521C07
:10C0D0001378002BF9D1704710B5024610460B8833
:10C0E000047823440B800378981810BD70B504467B
:10C0F0000D4694F89C02012804D0022803D003289E
:10C100001AD101E000BF00BFE888022804D0294608
:10C110002046FFF7ADFD14E00120E060D4F8A40252
:10C1200018B1E06840F00200E060022204F10C0166
:10C130002046FFF7CDFD04E029462046FFF798FD95
:10C1400000BF00BF70BD2DE9F04107460D46904687
:10C1500000240FB9BDE8F0813E463046FFF7B1FF3D
:10C16000022101EB4000B0F5007F01D9080204E094
:10C170003046FFF7A6FF4000801CA8F8000098F8A2
:10C1800000002855601CC4B203202855601CC4B2AE
:10C1900008E030782855761C601CC4B20020285571
:10C1A000601CC4B230780028F3D100BFD2E701464A
:10C1B000002031B1012906D0022906D0032908D177
:10C1C00005E0002007E0032005E0012003E0032054
:10C1D00001E0032000BF00BF70472DE9F041044695
:10C1E0000D46164614B90320BDE8F0810020C4F8BE
:10C1F000B802C4F8C402C4F8D0020DB1C4F8B452F5
:10C20000012084F89C022670204600F055F907466C
:10C210003846E9E72DE9F04104460D46002600279F
:10C220002946D4F8C802F7F712FF06463046FFF752
:10C23000BEFF07463846BDE8F0812DE9F0410446CF
:10C240000D46002600272946D4F8C802F7F7CAFE93
:10C2500006463046FFF7ABFF07463846BDE8F0819B
:10C260002DE9F04705460F469146002F5AD105F1BA
:10C270001404D5F8940202284AD1A1896068884242
:10C2800013D9A1896068401A6060A18920690844B7
:10C290002061284662682169FFF7DEFC00231A4608
:10C2A0001946284600F0B8F932E0A0896168884252
:10C2B00017D1A1892068884213D32068D5F8981235
:10C2C00088420ED2002211462846FFF7C5FC002006
:10C2D000C5F8980200231A461946284600F09CF932
:10C2E00016E095F89C0203280BD1D5F8B802C06877
:10C2F00038B10020C5F8D402D5F8B802C168284684
:10C3000088478021284600F047FA2846FFF7D3FCEB
:10C3100095F8A00250B3284600F0C5FA002085F831
:10C32000A00223E047F080012846FFF783FC064681
:10C33000FF2E1BD0D6B995F89C02032816D105F51F
:10C340002E7050F82600406980B1C5F8D46205F51A
:10C350002E7050F82600394642692846904780469C
:10C36000B8F1000F02D04046BDE8F0870020FBE79F
:10C370002DE9F04705460F4691464FF00008002F83
:10C3800055D105F5AA76D5F89402032873D1B18961
:10C390007068884214D9B1897068401A7060B18998
:10C3A000306908443061B3897068984201D9706877
:10C3B00000E0B089024628463169FFF741FC5AE0A7
:10C3C00095F8AA0200F01F0020B1012804D002282D
:10C3D00012D109E0002411E040F2AE20415D284670
:10C3E000FFF72BFC044609E040F2AE20415D2846F1
:10C3F000FFF720FC044601E0002400BF00BF94B911
:10C4000095F89C0203280ED105F52E7050F82400F3
:10C41000006940B1C5F8D44205F52E7050F82400EB
:10C420000169284688472846FFF764FC23E007F0A7
:10C430007F012846FFF7FEFB0446FF2C1BD0D4B932
:10C4400095F89C02032810D105F52E7050F82400B1
:10C45000806950B1C5F8D44205F52E7050F824001B
:10C4600039468269284690478046B8F1000F02D0CD
:10C470004046BDE8F0870020FBE7014600207047FA
:10C4800070B504460025012084F89C02D4F8B80257
:10C4900038B12179D4F8B80242682046904700B1FB
:10C4A0000325284670BD70B504460D462946D4F8CC
:10C4B000C802F7F70AFE70BD10B5044620780028C0
:10C4C0002AD11648C0F8E044C4F8C8024FF0A04092
:10C4D000124908600420087102211048C17100212E
:10C4E00081710221417200218172C17201738173D5
:10C4F000C173F8F73FFA08B1F6F750F88021074802
:10C50000F7F7F5FC402200210448F7F7F5FC8022FC
:10C5100001210248F7F7F0FC002010BD44960020EE
:10C5200010B50246D2F8C83201F08000802809D147
:10C5300001F07F0000EBC00403F1140000EB840065
:10C54000807810BD01F07F0000EBC00403F515708A
:10C5500000EB84008078F4E770B504460D4604F5DE
:10C560002E70D4F8D41250F8210008B9032070BD01
:10C5700094F89C02032811D104F52E70D4F8D4123B
:10C5800050F82100006A48B104F52E70D4F8D41296
:10C5900050F821002946026A204690470020E6E72D
:10C5A00070B504460D4604F52E70D4F8D41250F838
:10C5B000210008B9032070BD94F89C02032811D112
:10C5C00004F52E70D4F8D41250F82100406A48B116
:10C5D00004F52E70D4F8D41250F821002946426A8E
:10C5E000204690470020E6E72DE9F04704460F4635
:10C5F00015461E464FF00008C1462B4632463946C6
:10C60000D4F8C802F7F76CFD80464046FFF7CFFD2F
:10C6100081464846BDE8F0872DE9F04704460D46BF
:10C6200016461F464FF00008C1463B463246294693
:10C63000D4F8C802F7F79BFD80464046FFF7B7FDE8
:10C6400081464846BDE8F08770B5044600250120C4
:10C6500084F89C020020C4F894026060C4F8A4022C
:10C6600084F8A002D4F8B80258B1D4F8B8024068EF
:10C6700038B12179D4F8B80242682046904700B119
:10C6800003254023002211462046FFF7ADFF01217C
:10C6900040F2631001554021C01E01534023002287
:10C6A00080212046FFF7A0FF0121232001554021D2
:10C6B0002184284670BD014691F89C02042803D1CC
:10C6C00091F89D0281F89C020020704710B5044645
:10C6D00094F89C0203280BD1D4F8B80240B1D4F8E6
:10C6E000B802C06920B1D4F8B802C16920468847B1
:10C6F000002010BD02461174002070472DE9F04162
:10C7000004460D46002600272946D4F8C802F8F74B
:10C710006BFA06463046FFF74AFD07463846BDE845
:10C72000F08170B504460D46294604F2AA2000F0B7
:10C730007BF80120C4F894024FF42C70005BC4F81D
:10C74000980294F8AA0200F01F0020B1012809D035
:10C75000022815D10DE004F2AA21204600F088F944
:10C76000064616E004F2AA21204600F01AFB06460F
:10C770000FE004F2AA21204600F0D1F9064608E0B5
:10C7800094F8AA0200F08001204600F005F8064661
:10C7900000BF00BF304670BD2DE9F04104460D4694
:10C7A000002600272946D4F8C802F7F703FD0646FD
:10C7B0003046FFF7FCFC07463846BDE8F08170B50F
:10C7C000044600250026D4F8C802F8F730FA0546DA
:10C7D0002846FFF7ECFC0646304670BD014691F84E
:10C7E0009C02042803D091F89C0281F89D02042049
:10C7F00081F89C02002070472DE9F04704460D4661
:10C8000016461F464FF00008C1463B4632462946B1
:10C81000D4F8C802F7F713FD80464046FFF7C7FC7F
:10C8200081464846BDE8F08770B505460E46344659
:10C8300020782870641C20786870641C2046FEF7FD
:10C84000FDF86880641C641C2046FEF7F7F8A88099
:10C85000641C641C2046FEF7F1F8E88070BD38B512
:10C8600004460D46002000900DB9032038BDC4F8E1
:10C87000B85204F52E70D4F8D41250F82100C06AD2
:10C8800050B104F52E70D4F8D42250F82200C16AB9
:10C8900068468847C4F8D002D4F8D802401CC4F8CF
:10C8A000D8020020E2E701460020704770B5044638
:10C8B0000D46A88810BBE88800BB688880281DD278
:10C8C000A87800F07F0694F89C02032804D129463A
:10C8D0002046FFF7CDF915E084F89E6231462046E8
:10C8E000FFF70CFF2046FFF705FA1EB1022084F87F
:10C8F0009C0207E0012084F89C0203E029462046C0
:10C90000FFF7B6F970BD70B504460D460026D4F8A1
:10C91000B80230B1D4F8B8022946026820469047E0
:10C920000646304670BD000070B504460E46002530
:10C93000B0783D49087008460078012805D931468D
:10C940002046FFF795F9032070BD94F89C02022859
:10C9500002D0032859D11FE033480078C0B13248D3
:10C9600000786060304801782046FFF7CCFF05462C
:10C970003DB131462046FFF77BF9022084F89C0246
:10C9800009E02046FFF7B6F9032084F89C0202E094
:10C990002046FFF7AFF943E02348007870B9022042
:10C9A00084F89C022048007860601F480178204687
:10C9B000FFF713F92046FFF79DF925E01A4909789A
:10C9C000606888421DD021792046FFF706F9164895
:10C9D00000786060144801782046FFF794FF054610
:10C9E0005DB131462046FFF743F921792046FFF734
:10C9F000F4F8022084F89C0206E02046FFF77AF95A
:10CA000002E02046FFF776F90AE031462046FFF7BC
:10CA10002FF9054801782046FFF7DFF8032500BF0E
:10CA200000BF284690E700000802002070B50546C8
:10CA30000C466088012805D1C5F8A4022846FFF7F6
:10CA400059F90EE06088022807D1A088001285F805
:10CA5000A0022846FFF74EF903E021462846FFF7DB
:10CA600007F970BD10B504462046FFF7A8FE10BDBB
:10CA700070B504460D460026287800F0600088B1A5
:10CA8000202802D0402842D100E000BF04F52E70DB
:10CA9000D4F8D41250F821002946826820469047E5
:10CAA000064639E068780A282AD2DFE800F01A241E
:10CAB000291F290A0529150F29462046FFF7DBF90A
:10CAC00023E029462046FFF7F1FE1EE029462046D6
:10CAD000FFF72AFF064618E029462046FFF7A0F98F
:10CAE00013E029462046FFF701FB0EE029462046C9
:10CAF000FFF79CFF09E029462046FFF77CF804E099
:10CB000029462046FFF7B4F800BF00BF04E02946DD
:10CB10002046FFF7ADF800BF00BF304670BD2DE9DD
:10CB2000F04705460F464FF000093C79387800F091
:10CB30006000F8B1202802D040287DD100E000BF7D
:10CB400021462846FFF776F80646FF2E11D086B913
:10CB5000C5F8D46205F52E7050F82600806840B103
:10CB600005F52E7050F82600394682682846904711
:10CB7000814612E1787800287AD001282FD0032846
:10CB80006ED195F89C02022802D0032820D110E033
:10CB900054B1802C08D021462846FFF7FDFD8021A6
:10CBA0002846FFF7F9FD03E039462846FFF760F80D
:10CBB00013E0788840B93CB1802C05D0F88818B9CA
:10CBC00021462846FFF7E8FD2846FFF793F804E0E2
:10CBD00039462846FFF74CF800BF00BFD6E095F86D
:10CBE0009C02022802D003283BD110E054B1802CD3
:10CBF00008D021462846FFF7CFFD80212846FFF7C1
:10CC0000CBFD03E039462846FFF732F82EE078885E
:10CC100020BB04F07F0018B121462846FFF7FAFA3E
:10CC20002846FFF767F821462846FFF703F806462F
:10CC3000FF2E13D096B900E0AAE0C5F8D46205F53E
:10CC40002E7050F82600806840B105F52E7050F81F
:10CC500026003946826828469047814606E007E06C
:10CC60008FE039462846FFF703F800BF00BF8DE08C
:10CC700095F89C02022802D003287BD127E034B12A
:10CC8000802C04D039462846FEF7F2FF77E004F006
:10CC90008000802808D104F07F0000EB800105F1BE
:10CCA000140000EB810007E004F07F0000EB80013E
:10CCB00005F5AA7000EB81008046002088F80E0080
:10CCC000022208F10E012846FFF702F857E004F0AF
:10CCD000800080280ED104F00F0000EB800105F1E8
:10CCE000140000EB8100C07B98B939462846FEF756
:10CCF000BFFF44E004F00F0000EB800105F5AA70CF
:10CD000000EB8100C07B20B939462846FEF7B0FF12
:10CD100035E004F08000802808D104F07F0000EBAB
:10CD2000800105F1140000EB810007E004F07F00B2
:10CD300000EB800105F5AA7000EB810080460CB184
:10CD4000802C03D1002088F80E000CE021462846F4
:10CD5000FFF7E6FB20B1012088F80E0003E009E0B0
:10CD6000002088F80E00022208F10E012846FEF786
:10CD7000AFFF04E039462846FEF77AFF00BF00BF48
:10CD800004E039462846FEF773FF00BF00BF04E009
:10CD900039462846FEF76CFF00BF00BF4846BDE895
:10CDA000F0872DE9F04105460E460027307800F067
:10CDB000600030B1202802D0402840D100E000BF00
:10CDC00000BF95F89C02012804D0022803D0032854
:10CDD0002ED101E000BF00BF3079012823D831797E
:10CDE0002846FEF72AFF0446FF2C14D09CB905F50F
:10CDF0002E7050F82400806858B1C5F8D44205F56B
:10CE00002E7050F824003146826828469047074625
:10CE100002E0032700E00327F08840B93FB9284625
:10CE2000FEF768FF03E031462846FEF721FF04E0E5
:10CE300031462846FEF71CFF00BF00BF04E0314624
:10CE40002846FEF715FF00BF00BF3846BDE8F08159
:10CE5000704700000146014870470000289B0020F1
:10CE600021E000BF4FF0FF31012003F021F801283D
:10CE7000F8D10D48008881B20C4803F053F80C48F3
:10CE80000068D0F801000B49086009480068D0F834
:10CE90000500486006480068407A08720020024990
:10CEA000086003490860DCE7F001002044860020A8
:10CEB000F80000200C71002070B504460B46224695
:10CEC0001978587801282CD140F61C0080581D781C
:10CED00005F00F060125B540ADB2284340F61C050C
:10CEE000A85002F5106000EB4110006800F400400B
:10CEF000F0BB1889C0F30A001D7940EA854040EA7A
:10CF0000815040F0805040F4004002F5106505EB80
:10CF100041152D68284302F5106505EB4115286081
:10CF20002DE040F61C0080581D7805F00F06012505
:10CF3000B540144E06EA0545284340F61C05A850A6
:10CF400002F5306000EB4110006800F4004078B951
:10CF50001889C0F30A001D7940EA854040F08050EE
:10CF600040F4004002F5306505EB41152D6800E006
:10CF700005E0284302F5306505EB411528600020E7
:10CF800070BD00000000FFFF01460A464FF410602C
:10CF90008058C30ADB024FF41060835040F604004F
:10CFA000805840F4807340F604008350002070479E
:10CFB0000FB470B504469DF81900012818D1A06B74
:10CFC00020F48030A063E0681B490840E060E0681E
:10CFD00020F44010E0609DF82000012803D1E068B3
:10CFE00040F48010E060204600F028F8054613E089
:10CFF000E06840F04000E060204600F01FF8054681
:10D000009DF81D0020B9A06B40F48030A06303E0C0
:10D01000A06B20F48030A0639DF81600012807D192
:10D02000A06840F00600A060A06840F02000A0606A
:10D03000284670BC5DF814FBBFFFBDFF08B5014674
:10D040000020009000BF0098401C00900098B0F1B4
:10D05000706F01D9032008BD086900F00040002866
:10D06000F1D00A20009002E00098401E0090009845
:10D070000028F9D1086940F00100086100BF00985C
:10D08000401C00900098B0F1706F01D90320E2E7D6
:10D09000086900F001000028F1D100BFDBE70000C3
:10D0A00070B504460B46224619785878012848D1B5
:10D0B00002F5106000EB4110006800F00040B0F194
:10D0C000004F17D102F5106000EB4110006840F0EE
:10D0D000006502F5106000EB4110056002F510607C
:10D0E00000EB4110006840F0804502F5106000EB55
:10D0F0004110056040F63C0080581D7805F00F0691
:10D100000125B540ADB2A84340F63C05A85040F615
:10D110001C0080581D7805F00F060125B540ADB202
:10D12000A84340F61C05A85002F5106000EB411022
:10D1300000682B4D284002F5106505EB411528606D
:10D140004BE002F5306000EB4110006800F0004059
:10D15000B0F1004F17D102F5306000EB41100068CC
:10D1600040F0006502F5306000EB4110056002F50B
:10D17000306000EB4110006840F0804502F53060FF
:10D1800000EB4110056040F63C0080581D7805F02A
:10D190000F060125B540134E06EA0545A84340F6A3
:10D1A0003C05A85040F61C008558187800F00F0682
:10D1B0000120B0400B4E06EA0040854340F61C00BB
:10D1C000855002F5306000EB41100068064D2840A4
:10D1D00002F5306505EB41152860002070BD0000A8
:10D1E000007833EC0000FFFF0078F3EF01460A46B9
:10D1F000D2F8000E20F00300C2F8000E40F6040042
:10D20000805820F0020340F604008350002070474D
:10D2100001460A46D2F8000E20F00300C2F8000EC4
:10D2200040F60400805840F0020340F604008350AA
:10D23000002070470FB4F0B5054600272E460024A5
:10D2400005E0002105F5827040F82410641C0F2CC5
:10D25000F7D39DF82200A0B940F60400805940F0B1
:10D26000020140F604008151A86B40F40010A8634D
:10D27000A86B20F40020A863A86B20F48020A8638A
:10D2800007E0A86B20F40010A863A86B40F400200E
:10D29000A8630020C6F8000E9DF81D0001280CD1DF
:10D2A0009DF81B0020B90021284600F041FD08E050
:10D2B0000121284600F03CFD03E00321284600F050
:10D2C00037FD1021284600F002FC00B10127284656
:10D2D00000F0D5FB00B1012700214FF4016081511E
:10D2E000001D815140F61C00815100242EE006F5FE
:10D2F000106000EB4410006800F00040B0F1004FF7
:10D3000010D13CB94FF0006106F5106000EB4410FD
:10D3100001600DE04FF0904106F5106000EB441005
:10D32000016005E0002106F5106000EB441001608B
:10D33000002106F5106000EB441001614FF67F31CB
:10D3400006F5106000EB44108160641C9DF8180025
:10D35000A042CCD800242EE006F5306000EB44104B
:10D36000006800F00040B0F1004F10D13CB94FF020
:10D37000006106F5306000EB441001600DE04FF0F5
:10D38000904106F5306000EB4410016005E000219B
:10D3900006F5306000EB44100160002106F53060B6
:10D3A00000EB441001614FF67F3106F5306000EB71
:10D3B00044108160641C9DF81800A042CCD84FF442
:10D3C0000160805920F480714FF401608151002088
:10D3D000A8616FF0804068619DF81A0018B9A869CB
:10D3E00040F01000A861A8690A490843A8619DF8A7
:10D3F0001E0018B1A86940F00800A8619DF822003D
:10D40000012803D1A86904490843A8613846F0BC43
:10D410005DF814FB00383C80040000400146886839
:10D4200020F00100886000207047000070B50346BE
:10D430000C4619461D6C1848854209D94FF43060D6
:10D44000405800F00040B0F1004F01D1002070BD05
:10D450000026C1F8106BD1F8100B40F40026C1F87B
:10D46000106BD1F8100B40F01806C1F8106BD1F812
:10D47000100B40F0C046C1F8106B012C09D1C1F867
:10D48000142B4FF43060405840F080264FF4306049
:10D4900046500020DBE700000A30544F30B5044608
:10D4A0000B4622461978587801281ED102F51060E3
:10D4B00000EB4110006820F4001502F5106000EB4D
:10D4C000411005601879032802D0187902282AD162
:10D4D00002F5106000EB4110006840F0805502F545
:10D4E000106000EB411005601DE002F5306000EBBC
:10D4F0004110006820F4001502F5306000EB411087
:10D5000005601879032802D0187902280BD102F59A
:10D51000306000EB4110006840F0805502F530604B
:10D5200000EB41100560002030BD30B504460B46CD
:10D53000224619785878012821D102F5106000EBB5
:10D540004110006800F0004060B959B102F5106068
:10D5500000EB4110006820F0804502F5106000EB00
:10D560004110056002F5106000EB4110006840F4C6
:10D57000001502F5106000EB4110056020E002F597
:10D58000306000EB4110006800F0004060B959B114
:10D5900002F5306000EB4110006820F0804502F594
:10D5A000306000EB4110056002F5306000EB411087
:10D5B000006840F4001502F5306000EB4110056092
:10D5C000002030BD2DE9F84381460E4690464D4679
:10D5D0003478707801287DD1306920BB05F5106062
:10D5E00000EB44100069E649084005F5106101EBC5
:10D5F0004411086105F5106000EB4410006940F427
:10D60000002105F5106000EB4410016105F5106084
:10D6100000EB44100069C10CC90405F5106000EB73
:10D62000441001616FE005F5106000EB44100069E3
:10D63000C10CC90405F5106000EB4410016105F54B
:10D64000106000EB44100069CD49084005F51061F9
:10D6500001EB4411086194B9B1683069884201D97D
:10D66000B068306105F5106000EB4410006940F4CB
:10D67000002105F5106000EB4410016135E0B16850
:10D6800030690844401EB0FBF1F087B205F5106028
:10D6900000EB44100069BA49C94301EAC741084395
:10D6A00005F5106101EB44110861307901281CD1A6
:10D6B00005F5106000EB4410006920F0C04105F54D
:10D6C000106000EB4410016105F5106000EB4410A0
:10D6D000006900E099E04FF0C04101EA477108435A
:10D6E00005F5106101EB4411086105F5106000EBD0
:10D6F000441000693169C1F31201084305F5106156
:10D7000001EB44110861B8F1010F36D1F06928B17D
:10D7100005F5106000EB4410F16941613079012892
:10D720001ED140F60800405900F4807060B905F53C
:10D73000106000EB4410006840F0005105F51060E7
:10D7400000EB441001600BE005F5106000EB4410A5
:10D75000006840F0805105F5106000EB4410016056
:10D7600005F5106000EB4410006840F0044105F539
:10D77000106000EB44100160FEE005F5106000EB66
:10D780004410006840F0044105F5106000EB4410BF
:10D790000160307901280FD030690028ECD040F6C4
:10D7A00034004059317801F00F02012191400843C3
:10D7B00040F634014851DFE040F60800405900F4DB
:10D7C000807060B905F5106000EB4410006840F00F
:10D7D000005105F5106000EB441001600BE005F509
:10D7E000106000EB4410006840F0805105F51060B7
:10D7F00000EB44100160CDF80080308A83B23278AB
:10D800004846F16800F012FBB6E005F5306000EB29
:10D8100044100069C10CC90405F5306000EB4410E8
:10D82000016105F5306000EB44100069544908407F
:10D8300005F5306101EB4411086104BB306908B1A2
:10D84000B0683061B068306205F5306000EB4410BC
:10D850000069316AC1F31201084305F5306101EB3B
:10D860004411086105F5306000EB4410006940F494
:10D87000002105F5306000EB4410016143E03069A0
:10D88000D0B905F5306000EB44100069B168C1F310
:10D890001201084305F5306101EB4411086105F5FB
:10D8A000306000EB4410006940F4002105F5306061
:10D8B00000EB4410016126E0B16830690844401E65
:10D8C000B0FBF1F087B2B0687843306205F53060A4
:10D8D00000EB441000692A49C94301EAC7410843E3
:10D8E00005F5306101EB4411086105F5306000EB8E
:10D8F00044100069316AC1F31201084305F5306133
:10D9000001EB44110861B8F1010F07D1F06828B1AB
:10D9100005F5306000EB4410F16841613079012871
:10D920001ED140F60800405900F4807060B905F53A
:10D93000306000EB4410006840F0005105F53060A5
:10D9400000EB441001600BE005F5306000EB441083
:10D95000006840F0805105F5306000EB4410016034
:10D9600005F5306000EB4410006840F0044105F517
:10D97000306000EB441001600020BDE8F883000037
:10D98000FFFF07E078B503460024009400201A4604
:10D990004C78012C35D10C7802F5106505EB441458
:10D9A000246804F00044B4F1004F60D10C7805EB1A
:10D9B0004414246844F000660C7805EB4414266097
:10D9C0000C7805EB4414246844F080460C7805EB91
:10D9D0004414266000BF009C641C009442F2107541
:10D9E000009CAC4201D901200AE00C7802F51065D8
:10D9F00005EB4414246804F00044B4F1004FEAD06D
:10DA000035E00C7802F5306505EB4414246804F029
:10DA10000044B4F1004F2AD10C7805EB441424687B
:10DA200044F000660C7805EB441426600C7805EB96
:10DA30004414246844F080460C7805EB44142660B6
:10DA400000BF009C641C009442F21075009CAC4224
:10DA500001D901200AE00C7802F5306505EB441489
:10DA6000246804F00044B4F1004FEAD000BF78BD50
:10DA70000146886840F0010088600020704708B5C2
:10DA800001460020009000BF0098401C00900098C4
:10DA9000B0F1706F01D9032008BD086900F00040A3
:10DAA0000028F1D0002000901020086100BF0098ED
:10DAB000401C00900098B0F1706F01D90320EBE793
:10DAC000086900F010001028F1D00020E4E708B544
:10DAD00002460020009000BF0098401C0090009873
:10DAE000B0F1706F01D9032008BD106900F000404B
:10DAF0000028F1D000200090202040EA8110106121
:10DB000000BF0098401C00900098B0F1706F01D9E0
:10DB10000320E9E7106900F020002028F1D0002060
:10DB2000E2E7000000B587B0142102A8F2F753FD28
:10DB300000BF002001901448006840F00100124925
:10DB400008600846006800F00100019000BF00BFB7
:10DB50008814029001200390022004900020059078
:10DB600002A90A48F5F7DCFF00224FF4805107486C
:10DB7000F6F7D0F86420F5F7B5FE4FF4805103486E
:10DB8000F5F7C4FE07B000BD303802400000024087
:10DB900010B501460B4640F60804E45804F00602AE
:10DBA0000AB9002006E0022A01D0062A01D102208B
:10DBB00000E00F2010BD0146486900F001007047E9
:10DBC00001460B4640F61800C258001DC0580240DE
:10DBD00090B2704701460B4640F61800C258001D2F
:10DBE000C0580240100C704770B5024613464FF4FF
:10DBF0000166F45840F63406F55801F00F0625FA90
:10DC000006F606F0010644EAC61403F5106606EBB4
:10DC10004116B66806EA040070BD10B50246134608
:10DC200003F5306404EB4114A06840F61404E45892
:10DC3000204010BD014648698A69104070472DE9AF
:10DC4000F04104460D46274628464FEA920C02F062
:10DC5000030300210AE04FF4805858F80780C0F809
:10DC60000080401C401C401C401C491C6145F2D3F4
:10DC70009BB100214FF4805858F8076000BF4FEA6D
:10DC8000C10826FA08F880F80080491C401CA3F15E
:10DC900001081FFA88F3002BF1D1BDE8F08170B5BF
:10DCA00004460E460025E06820F0C040E060012EEA
:10DCB00010D1E06840F00050E06000BF0A20F5F7A6
:10DCC00011FE0A352046FFF776FF012815D0C82D32
:10DCD000F4D312E07EB9E06840F08040E06000BF1D
:10DCE0000A20F5F7FFFD0A352046FFF764FF20B153
:10DCF000C82DF5D301E0012070BDC82D01D1012050
:10DD0000FAE70020F8E710B502460B461146D1F8B5
:10DD1000000820F4FE60C1F80008D1F800084FF4B4
:10DD2000FE6404EA03142043C1F80008002010BD7B
:10DD300002461346D3F800080843C3F80008002041
:10DD40007047000030B503461446022C49D12D48D7
:10DD5000814204D32C48814201D20F2245E02A4857
:10DD6000814204D32948814201D20E223DE0274856
:10DD7000814204D32648814201D20D2235E0244855
:10DD8000814204D32348814201D20C222DE0214854
:10DD9000814204D32048814201D20B2225E01E4853
:10DDA000814204D31D48814201D20A221DE01B4852
:10DDB000814204D31A48814201D2092215E0184851
:10DDC000814204D31748814201D208220DE0154850
:10DDD000814204D31448814201D2072205E0062281
:10DDE00003E00CB9092200E00922D86820F4705041
:10DDF000D860D8684FF4705505EA82252843D8606A
:10DE0000002030BDC0ACD800C0E1E4000024F40024
:10DE100080730601A0491A01002D310140A44C0174
:10DE200000366E0120ABA6010048E8012DE9F04361
:10DE300004460D461E46DDF81CC0A0462946BCF12E
:10DE4000000F12D1F01C870800230CE0D1F80090DD
:10DE500008F5805000EB0230C0F80090491C491CC6
:10DE6000491C491C5B1CBB42F0D30020BDE8F08379
:10DE700000BFFEE770B505460C4604B970BD2878B2
:10DE8000A92802D16878532800D0F7E71521284641
:10DE900002F0F8FB00B9F1E7A878E97840EA012040
:10DEA000C0F30A002080E878C010297940EA4110C8
:10DEB000C0F30A00608028798011697940EA810006
:10DEC000A97940EA8120C0F30A00A080A879401017
:10DED000E97940EAC110C0F30A00E080E879C0F3B4
:10DEE00001102072E879C0F380106072E879C009EF
:10DEF000A072287A00F00100E072287A4010697A56
:10DF000040EAC110C0F30A00A081687AC0F3001093
:10DF1000A073A87AE97A40EA012000B22082287B27
:10DF2000697B40EA012000B26082A87BE97B40EA7D
:10DF3000012000B2A082287C00F00300A075287C9C
:10DF4000C0F38100E075287CC0F301102076687C66
:10DF5000A97C40EA012606F001006083C6F3400078
:10DF6000A083C6F38000E083C6F3C0002084C6F31C
:10DF700000106084C6F34010A084C6F38010E084D3
:10DF8000C6F3C0102085C6F300206085C6F340208C
:10DF9000A085C6F38020E085C6F3C0202086C6F3A6
:10DFA00000306086C6F34030A086C6F38030E0863D
:10DFB000F00B2087E87C297D40EA0120608700BFC4
:10DFC0005CE7000010B5152206490748F8F7DAF9B2
:10DFD00005480068C06840F0100003490968C8603F
:10DFE00010BD00005C7E0020000B002030B5024612
:10DFF0004FF6FF7002B930BD09E01378521C80EA79
:10E000000304E4B2054D35F8144084EA20200C1EC8
:10E01000A1F10101F1D100BFEDE7000028190108CD
:10E0200030B50246FF2002B930BD05E01378521C1E
:10E0300080EA0304034D285D0C1EA1F10101F5D116
:10E0400000BFF1E72818010810B52DED028B84B050
:10E05000044694ED000A20EE000AB0EE408AD4EDAA
:10E06000000AB0EE600A032204F160010846F2F7EC
:10E0700077FB002014E004F1240101EB800191ED15
:10E08000000A04F10C0101EB8001D1ED000A08EE59
:10E09000200A04F1180101EB800181ED000A401C07
:10E0A0000328E8DB002026E0D4ED020A20EEA01AC7
:10E0B00004F1180101EB8001D1ED001A04F13001E7
:10E0C00001EB8001D1ED000A41EE210AB0EE600AB9
:10E0D000D4ED020A04F1180101EB800191ED001A60
:10E0E00060EE810A80EE801A04F13C0101EB8001B0
:10E0F00081ED001A401C0328D6DBD4ED020AB0EEF5
:10E10000600A032201A904F16000F2F729FB03234E
:10E1100001AA01A904F16C00F2F7E8FB002033E04A
:10E1200004F1600101EB800191ED000A04F13C0172
:10E1300001EB8001D1ED000A01A901EB800191ED15
:10E14000001A00EE810A04F1600101EB800181ED0B
:10E15000000A04F13C0101EB8001D1ED000A94EDCD
:10E16000021AB7EE000A00EEC10A04F1180101EB31
:10E170008001D1ED000A20EE200A04F10C0101EB30
:10E18000800181ED000A401C0328C9DB04B0BDEC0E
:10E19000028B10BD10B52DED048B0446B0EE408A05
:10E1A000F0EE608AB0EE419A84ED008AC4ED018AF7
:10E1B00084ED029A002020E0B7EE000A04F10C0181
:10E1C00001EB800181ED000A9FED1A0A04F1600164
:10E1D00001EB800181ED000A9FED170A04F1240193
:10E1E00001EB800181ED000AB7EE000A04F1300175
:10E1F00001EB800181ED000A401C0328DCDB04F107
:10E200000C030122114604F14800F2F7A5FA04F1CB
:10E2100024030122114604F15000F2F79DFA04F1A3
:10E2200030030122114604F15800F2F795FABDECD3
:10E23000048B10BD00000000CDCCCC3D4100080295
:10E2400018BF04200A0E18BF40F001004FF07F42B3
:10E2500032EA010108BF40F00200012808BF052092
:10E260007047000002480068C0F3022070470000B9
:10E270000CED00E010B5002804DB0A07130E054A78
:10E28000135406E00A07140E034A00F00F031B1F85
:10E29000D45410BD00E400E018ED00E010B54FF0DC
:10E2A0000E402DED028BB0EE408A18EE104A00EBC6
:10E2B0004400B0F1506F4AD84FF0FC40B0EB440F2F
:10E2C00022D2B0EEC80AF7EE000A30EEC00AF6EE2F
:10E2D000000A60EE208A18EE900A01F0B1FD01EE0E
:10E2E000100A14F0004F1DBFDFED2D0A9FED2D0A1F
:10E2F000B1EE411ADFED2C0A08BF9FED2C0AF8EEB3
:10E30000001A21EE218A05E0DFED290A68EE088A6D
:10E31000B0EE600A9FED271ADFED271A30EE080AEB
:10E3200048EE811A9FED251A08EEA11ADFED241A96
:10E3300048EE811A9FED231A08EEA11A68EE281AFA
:10E34000BDEC028B01EE810A30EE200A10BD4FF0C9
:10E35000E440B0EB440F0CD918EE100AFFF76EFF43
:10E36000042808BF00F0B2F9B0EE480ABDEC028BF9
:10E3700010BD4FF07F40B0EB440F07D2B0EE480A1B
:10E38000BDEC028BBDE8104000F091B90120F2F71E
:10E3900051F9BDEC028BBDE8104000F08FB90000D0
:10E3A0000000C9BF22AAFDB90000C93F22AAFD3959
:10E3B0000000000024FE1C3DC78AD83C1E67383D83
:10E3C0001B93993DAFAA2A3E70B54FF068422DEDE0
:10E3D000048BF0EE408A18EE900AB0EE608A18EED8
:10E3E000101A02EB4003B3F1654F3CBF02EB410250
:10E3F000B2F1654F7DD200BFC0F3C753C1F3C7521E
:10E400009A1A1B2A09DD10F0004F14BF9FED830AF2
:10E410009FED830ABDEC048B70BD12F11A0F36DA42
:10E4200011F0004F09D010F0004F0CBF9FED7D0A96
:10E430009FED7D0ABDEC048B70BD88EE889A19EEC5
:10E44000100AFFF7FBFE042808BF00F03FF918EEA2
:10E45000900AFFF7F3FE054618EE100AFFF7EEFEEE
:10E46000044619EE100AFFF7E9FE042D18BF052D2A
:10E4700008D1042C18BF052C04D1002804BF0220A9
:10E48000F2F7D8F8B0EE490ABDEC048B70BD42003B
:10E49000B2EB410F3AD910F0004F19BFDFED630A1C
:10E4A0009FED630ADFED630A9FED630AB0EE481A41
:10E4B0000A46B1EE688A80F00041F0EE418A1046CB
:10E4C0000A1A5200B2F1807F34D2484010F0004F57
:10E4D000DFED5A1A9FED5A2A1DBFBEEE001A70EEEC
:10E4E000E10A30EE420AB6EE001A08BF70EEA10A49
:10E4F00000E040E008BF30EE020AB0EE682A01EE0C
:10E50000482A08EE818AC2EE081A15E011F0004F81
:10E5100004BF9FED4C0AF0EE400AD1D010F0004F3E
:10E5200019BFDFED490A9FED490ADFED490A9FED6A
:10E53000490AC5E7C8EE881A21EEA11A9FED462ABE
:10E54000DFED462A41EE022A9FED452A01EE222AFE
:10E55000DFED442A41EE022A9FED432ABDEC048BF5
:10E5600001EE222A21EE811A01EE020A30EE210A82
:10E5700030EE200A70BD4FF07F42B2EB400F28BF53
:10E58000B2EB410F09D2F0EE480AB0EE680ABDECDA
:10E59000048BBDE8704000F08DB840EA01035B00D9
:10E5A00008BF41F0FF410BD0B2EB400F08BFB2EB08
:10E5B000410F08D120F0804008EE900A21F0804100
:10E5C00008EE101A18E7B2EB400F12BF5FEA4103E2
:10E5D00040F0FF4001F000413FF40EAFB2EB410FBD
:10E5E00012BF5FEA400200F0004041F0FF413FF4FB
:10E5F00003AF4A0092EA40033FF5FEAE002AACBFEB
:10E600009FED1A0A9FED1A0A68EE808A28EE008AAA
:10E6100018EE900A18EE101AEEE60000DB0FC9BFE4
:10E62000DB0FC93FDB0F4940DB0F49C00000C9BF0A
:10E6300022AAFDB90000C93F22AAFD390060ED3EC3
:10E64000C30ACE3700000000000049C022AA7DBAEC
:10E650000000494022AA7D3A2DAD65BD8FB8D53D59
:10E660000FB511BE61C84C3EA8AAAABE0000804FDB
:10E670000000802F10B52DED028BB1EEC08A18EE90
:10E68000100A20F00040C0F1FF40C00F0AD010EE89
:10E69000100A20F00040C0F1FF40C00F04BF01206D
:10E6A000F1F7C8FFB0EE480ABDEC028B10BD30EEAA
:10E6B000000A704730EE200A70470000DFED020AC2
:10E6C00080EEA00A70470000000000009FED020AE3
:10E6D00020EE000A704700000000001070B5002511
:10E6E0000024F2F755F98020F2F738FB5520F2F7B5
:10E6F00035FB5520F2F732FB0546F2F73FF996203D
:10E70000F2F7B4F9F2F744F98020F2F727FB55202D
:10E71000F2F724FB5520F2F721FB0546F2F72EF91C
:10E720009620F2F7A3F9F2F733F9B6217E20F2F73B
:10E730003FFBF2F723F95020F2F78BF9F2F728F9B3
:10E740008020F2F70BFB5520F2F708FB5520F2F77B
:10E7500005FB0546F2F712F99620F2F787F9F2F772
:10E7600017F98020F2F7FAFA5520F2F7F7FA552058
:10E77000F2F7F4FA0546F2F701F99620F2F776F986
:10E780001E2D01D0FF2070BD002434E0F2F700F907
:10E7900004EB44021A4B1A44517804EB4402985C8F
:10E7A000F2F706FBF2F7EAF89620F2F75FF9F2F7D4
:10E7B000EFF804EB4401124A515C41F08000F2F79B
:10E7C000CDFA5520F2F7CAFA5520F2F7C7FA0546F6
:10E7D000F2F7D4F89620F2F749F904EB440008491F
:10E7E00008444078A84204D004EB440008448078F0
:10E7F000C9E7601CC4B2062CC8DB0020C3E70000D8
:10E80000C800002038B5002400200090F2F7D6F8A8
:10E8100069460020F2F795FAF2F7C6F89620F2F76B
:10E8200025F9F2F7CBF869460020F2F78AFAF2F7F9
:10E83000BBF89620F2F71AF9F2F7C0F8B6211420C7
:10E84000F2F7B6FAF2F7B0F85020F2F702F9F2F761
:10E85000B5F869460020F2F774FAF2F7A5F89620A9
:10E86000F2F704F9F2F7AAF869460020F2F769FA1C
:10E87000F2F79AF89620F2F7F9F89DF800000F28C1
:10E8800001D0FF2038BD00242FE0F2F797F804EB09
:10E890004402184B1A44517804EB4402985CF2F796
:10E8A00087FAF2F781F89620F2F7E0F8F2F786F8A7
:10E8B00004EB44010F4A505C6946F2F742FAF2F762
:10E8C00073F89620F2F7D2F804EB440009490844A3
:10E8D00040789DF80010884205D004EB44000549BB
:10E8E00008448078CEE7601CC4B2062CCDDB002043
:10E8F000C8E70000DA00002000B58BB001200990C5
:10E9000000200790012008900020019002900390C1
:10E9100004900690059001A90C48F4F775F80B488F
:10E92000F4F735FD02210948F3F7B4FF0E200A90F1
:10E93000069001A90648F4F767F80548F4F727FDA3
:10E9400002210348F3F7A6FF0BB000BD40090020E9
:10E950006809002090ED070ADFED370A20EE200A53
:10E96000D0ED080A9FED341A01EE600AD0ED060AD8
:10E970009FED321A00EEC10ADFED310A20EE200AC7
:10E98000DFED300A80EE201A80ED021A90ED070AC2
:10E99000DFED290A20EE200AD0ED080A9FED261AA5
:10E9A00001EE200AD0ED060A9FED241A00EEC10AFE
:10E9B000DFED230A20EE200ADFED220A80EE201A86
:10E9C00080ED031A90ED070ADFED1F0A20EE200A02
:10E9D000D0ED080A9FED181A01EE200AD0ED060AC4
:10E9E0009FED161A00EEC10ADFED150A20EE200A8F
:10E9F000DFED140A80EE201A80ED041A90ED070A6C
:10EA0000DFED110A20EE200AD0ED080A9FED0A1A68
:10EA100001EE600AD0ED060A9FED081A00EEC10A69
:10EA2000DFED070A20EE200ADFED060A80EE201A4D
:10EA300080ED051A70470000F4FD343F32386A3E1D
:10EA40002CA099419A99993DF4FD34BF014601F0FB
:10EA5000030000EB4000024A02EB80007047000018
:10EA60006C71002030B5034613B94FF6FF7030BD0E
:10EA700009E013F8014B82EA0400C0B2054D35F8F5
:10EA8000100080EA2222081EA1F10105A9B2F0D1EE
:10EA90001046ECE7281B0108014601F0030000EBDB
:10EAA0004000024A02EB800070470000187100200D
:10EAB0000048704730710020004870479C7100206A
:10EAC00010B52DED028B82B0B0EE408A0446694647
:10EAD00001A8B0EE480AF1F777FE94ED000ADDEDEB
:10EAE000000A20EE200AD4ED010A9DED011A01EE84
:10EAF000600A84ED070A94ED000ADDED010A20EEBC
:10EB0000200AD4ED010A9DED001A01EE200A84EDE1
:10EB1000080A2046FFF71EFF02B0BDEC028B10BDB5
:10EB200010B500BF5021EFF3118081F31188BFF3BE
:10EB30004F8FBFF36F8F00BF04465748007800F037
:10EB4000010088B35548806C0068006800F001003F
:10EB500050BB5248C06C0068006800F0010018BB50
:10EB60004F48007800F00200F0B94E48007800F0FD
:10EB70000200C8B94848007820F0010046490870F2
:10EB80000846007840F00200087000220121464843
:10EB9000F5F7C0F8082245494548F9F741FA00BFA2
:10EBA00084F3118800BF10BDFFE73D48007800F0F6
:10EBB000010088B33948806C0068006800F00100EB
:10EBC00050BB3648C06C0068006800F0010018BBFC
:10EBD0003148007800F00200F0B93248007800F0C7
:10EBE0000200C8B92E48007820F001002C490870B6
:10EBF0000846007840F002000870002210212D48DD
:10EC0000F5F788F809222C492C48F9F709FA00BFD2
:10EC100084F3118800BFC6E7FFE72248007800F0C0
:10EC2000010088B31D48806C0068006800F0010096
:10EC300050BB1A48C06C0068006800F0010018BBA7
:10EC40001548007800F00200F0B91548007800F08F
:10EC50000200C8B91348007820F00100114908707B
:10EC60000846007840F00200087000221021114888
:10EC7000F5F750F8042212491248F9F7D1F900BF0C
:10EC800084F3118800BF8EE7FFE700BF84F311888B
:10EC900000BF00BF87E7000091010020A00900200D
:10ECA0009201002093010020000402407001002026
:10ECB00078010020000002407C80002080010020BC
:10ECC000890100208D01002038B505460C46144806
:10ECD00090ED150AF0EE400A9FED120A2846F8F76B
:10ECE0007AFD69462846F8F755FC9DED000AB5EE19
:10ECF000C00AF1EE10FA03D29FED0B0A8DED000A67
:10ED00009DED000A84ED000A94ED000ABCEEC00AF5
:10ED100010EE100AA080A0880449086038BD0000E9
:10ED2000B470002000002042000000003444014084
:10ED300000BFEFF3058008B1012070470020FCE719
:10ED40001748408B1649898B401A00EE100AB8EE1E
:10ED5000C00AF7EE080A20EE200A124880ED000AE9
:10ED60000F48C08B0E49098C401A00EE100AB8EE0D
:10ED7000C00AF7EE080A20EE200A0A4880ED010AD0
:10ED80000748408C400000EE100AB8EEC00ADFEDE4
:10ED9000060A20EE200A034880ED060A70470000AC
:10EDA000207E0020D47D0020DB0F49402449C97D0E
:10EDB00031BB90ED000A2249B1F9101000EE901A13
:10EDC000F8EEE00ABFEE001A60EE810A9FED1D1A10
:10EDD00000EE810A80ED000A90ED010A1849B1F9B0
:10EDE000121000EE901AF8EEE00ABFEE001A60EE84
:10EDF000810A9FED141A00EE810A80ED010A14E0E9
:10EE00000F49C97D012910D190ED000A0E49D1EDBD
:10EE1000000A30EE200A80ED000A90ED010AD1EDE3
:10EE2000010A30EE200A80ED010A9FED080A06492A
:10EE300081ED010A9FED050A81ED000A704700008F
:10EE4000207E00206F12833A0C7100200000000029
:10EE500010B50C46C17D09B9817D00E0197A82F8B0
:10EE6000281010BDF4F76EFFFBF7FCFDFEF75AFE0D
:10EE7000F7F7DCFEF7F708FEF7F7B2FDF7F7D2FD7C
:10EE8000F7F7AEFFF7F7D0FFF8F704F8F8F71EF83A
:10EE9000F7F7EAFDF7F794FFF8F738F8F8F752F8C4
:10EEA00000211848F6F74AFEFFF726FD00BFF1F7EC
:10EEB0003DFE0028FBD117E01348F1F763FE12482E
:10EEC00090ED150ADFED110AB4EEE00AF1EE10FA4A
:10EED00006D2D0ED150AB0EE600AF7F72FFC03E07A
:10EEE00000200B49086000E0E6E700BF0020F7F7CC
:10EEF000F1FB10210748C161F7F722FE00F068F826
:10EF000000BFFEE7B80A0020B470002000002042D5
:10EF100034440140A009002001460020842901D08A
:10EF2000CA1C10447047000030B52DED028B83B031
:10EF300004460D4601AB2A4621462046F1F7BEFBAA
:10EF40009DED010AB5EEC00AF1EE10FA04DBF1EE18
:10EF5000C00ACDED020A04E0DFED0F0ACDED020A92
:10EF600000BF9DED020AB5EEC00AF1EE10FA0EDD0B
:10EF70009DED020AF7EE000A80EE801AB0EE418A9B
:10EF80002A462146B0EE480A2046F1F7E9FB03B0D5
:10EF9000BDEC028B30BD00000000000070B50446DF
:10EFA00025460DB1294600E00121084601F062F92D
:10EFB000002070BD70B505460C4626460EB13046A1
:10EFC00000E001200146284601F082F9002070BDD2
:10EFD00010B501F0ADFA002010BD10B5FFF7A8FE86
:10EFE00010B102F0E1F810BD02F0D8F8FBE77FB5F0
:10EFF00004460D46606998B1A06988B1B4F908006B
:10F00000FFF78AFF0646D4E90510CDE900610290BA
:10F010002B462269D4E9001001F06CFF039013E045
:10F02000B4F90800FFF778FF064603A8CDE90060B1
:10F03000238A9AB22B46D4E9001001F029FF012857
:10F0400002D0002004B070BD0398FBE790ED000AE9
:10F05000DFED030A20EE200A80ED000A7047000071
:10F06000CDCC4C4490ED000ADFED030A20EE200ADF
:10F0700080ED000A70470000CDCC4C44014611B928
:10F080000948006800E00846024652B900BF502017
:10F0900080F31188BFF34F8FBFF36F8F00BF00BFA6
:10F0A000FEE702F1340070473C00002090ED010AB9
:10F0B000DFED0D0AB4EEE00AF1EE10FA02DD9FED8D
:10F0C0000A0A0DE090ED010ADFED080AB4EEE00A4D
:10F0D000F1EE10FA02D29FED050A01E090ED010A6F
:10F0E00080ED010A7047000000000042000000C2ED
:10F0F0002DE9F04105460E461F48076800201F49CC
:10F10000096881F852001D480068001D00F02AFFC0
:10F1100050B91A48006890F82C100120884018490E
:10F120000968814316480160681C38B936B1134834
:10F130000168091D134800F06BFF1AE07C190F48A5
:10F1400000684460BC4207D20C480168091D0E48A3
:10F15000006800F043FF0CE008480168091D0B48F7
:10F16000006800F03BFF0A480068844201D208486A
:10F170000460BDE8F0810000500000203C00002049
:10F1800054000020D40E0020440000204000002045
:10F190006C00002010B5044600F046FF23480068CC
:10F1A000401C224908602248006840B92048046099
:10F1B0000846006801280DD100F0FAF90AE01D4860
:10F1C000006838B91A480068C06AE16A884201D804
:10F1D0001748046018480068401C1749086094F8F4
:10F1E0002C1001208840154909680843134908601C
:10F1F000E16A01EB8101124A02EB8100211D00F05E
:10F2000007FF00F03BFF0B48006868B10848006842
:10F21000C06AE16A884207D24FF08050094908600D
:10F22000BFF34F8FBFF36F8F10BD00004C00002065
:10F230003C000020580000206800002054000020FE
:10F24000F80D002004ED00E008B500F0EDFE1248D6
:10F250000068E8B9114800F0B1FE114800F0AEFEB8
:10F260000E48104908600E480F49086000200F4BF7
:10F270000F4A102100900A2001F0F4FA06490860B4
:10F280000846006820B10BA10348006800F0B6FFF3
:10F2900000F0F4FE08BD000080000020E80E002011
:10F2A000FC0E0020780000207C000020100F0020C1
:10F2B000580F0020546D72510000000010B516E088
:10F2C00000F0B2FE0C48C068C468201D00F04AFE81
:10F2D0000A480068401E0949086009480068401E45
:10F2E0000749086000F0CAFE204600F05FF80448B5
:10F2F00000680028E4D110BDC00E00204C000020A2
:10F300004800002070B504460D46206C70B1216C99
:10F31000E0680144E160D4E90210884201D3216829
:10F32000E1602846226CE168F1F7B4F870BD2DE980
:10F33000F04104460F4615464FF00008A66B206CBE
:10F3400048B9206800282CD1A06801F0DBFF804676
:10F350000020A06025E07DB93946226C6068F1F795
:10F3600099F8216C606808446060D4E90101884222
:10F3700017D32068606014E03946226CE068F1F72A
:10F3800089F8216CE068411AE1602168E0688842F0
:10F3900003D2216CA068411AE160022D01D106B1AF
:10F3A000761E701CA0634046BDE8F08110B504468F
:10F3B00094F8510030B9206B00F07EFE204600F03A
:10F3C0007BFE1AE094F85100012803D1204600F09A
:10F3D00073FE12E094F85100022801D1012000E0F0
:10F3E000002050B900BF502080F31188BFF34F8F29
:10F3F000BFF36F8F00BF00BFFEE710BD0146084A94
:10F40000126812680AB9012200E000220A600A6844
:10F4100022B9034A1268D268106800E000207047E1
:10F420007800002030B54FF4C043174800F00704BF
:10F430002CB1C01D20F00700134C041B1B1B0246FF
:10F44000124C22600024114D6C60D018083820F056
:10F4500007000F4C206000240D4D2D686C600C4D92
:10F460002D682C601146441A4C60094C24680C60CD
:10F47000084D4C682C60084D4C682C604FF00044DF
:10F48000064D2C6030BD0000F80F00208C000020DD
:10F49000940000209C00002098000020A80000207C
:10F4A00000BFFFF70BFF064800680128F9D94FF0AD
:10F4B000805004490860BFF34F8FBFF36F8FF0E7B0
:10F4C000F80D002004ED00E02DE9F04106460D4660
:10F4D00017469846069C0DB9246000E02760E66355
:10F4E00025640121204601F02DFABDE8F0812DE9C7
:10F4F000F05F82460E4690469B460A9F0C9C4FEA60
:10F500008801A522206BF1F73CF8A8F10100216BDE
:10F5100001EB800929F0070909F0070008B901206B
:10F5200000E0002050B900BF502080F31188BFF3E5
:10F530004F8FBFF36F8F00BF00BFFEE786B100257E
:10F5400007E0715D04F134004155705D00B902E0DF
:10F550006D1C102DF5D300BF00214320015502E0A2
:10F56000002084F83400072F00D30627E762676481
:10F570000020A064201D00F02EFD04F1180000F012
:10F580002AFD2461C7F10700A06164620020E064E5
:10F5900084F8500084F852005A465146484600F01C
:10F5A000C9FB20600B9808B10B980460BDE8F09F80
:10F5B00010B5002407E004EB84010F4A02EB810040
:10F5C00000F0FCFC641C072CF5D30C4800F0F6FCA2
:10F5D0000B4800F0F3FC0B4800F0F0FC0A4800F088
:10F5E000EDFC0A4800F0EAFC0448094908600448B8
:10F5F0000849086010BD0000F80D0020840E0020AE
:10F60000980E0020AC0E0020C00E0020D40E00206A
:10F61000400000204400002010B50146164800E0DC
:10F62000006803688B42FBD30246436813448B4255
:10F6300004D143684C682344436001460A464B6842
:10F6400013440468A34211D10C4C03682468A342FC
:10F6500008D04B680468646823444B6003681B68E7
:10F660000B6005E0054B1B680B6001E003680B6055
:10F67000884200D0016010BD8C0000209400002062
:10F680002DE9F04104460D4616461F464FF000088E
:10F6900065602461B5420CD8F01BA169884202D391
:10F6A0004FF0010811E0211D0948006800F096FCA8
:10F6B0000BE0BE4204D2BD4202D34FF0010804E089
:10F6C000211D0448006800F089FC4046BDE8F08137
:10F6D0007C0000207800002070B5054600F0A4FCF6
:10F6E000A86B08B9012400E0002400F0C7FC204604
:10F6F00070BD70B5054600F097FCA86BE96B8842B9
:10F7000001D1012400E0002400F0B8FC204670BDC7
:10F71000F8B505460F461A480068C068C468201D41
:10F7200000F020FC94F8240000F00400E8B1A06987
:10F7300041192B463A462046FFF7A2FFD8B10020D8
:10F7400003462A4601460090204601F049FF06463E
:10F7500056B900BF502080F31188BFF34F8FBFF31D
:10F760006F8F00BF00BFFEE705E094F8240020F093
:10F77000010084F824002046216A8847F8BD000073
:10F7800078000020F0B587B0A0E00398002811DAD7
:10F7900004AE56B900BF502080F31188BFF34F8FDD
:10F7A000BFF36F8F00BF00BFFEE7D6E90020B1684E
:10F7B000904700BF03980028E6DB059C606908B904
:10F7C000012000E0002010B9201D00F0CBFB02A8B2
:10F7D00000F0DEF8054603980A2875D2DFE800F04D
:10F7E00009050739416306083A4200BF00BF00BF60
:10F7F00000BF94F8240040F0010084F8240004982D
:10F80000A269811803462A462046FFF739FFF8B15E
:10F810002046216A884794F8240000F00400B8B11B
:10F82000002000900498A169421800231946204640
:10F8300001F0D6FE074657B900BF502080F311886B
:10F84000BFF34F8FBFF36F8F00BF00BFFEE700BF56
:10F850003BE000BF94F8240020F0010084F824006D
:10F8600033E000BF94F8240040F0010084F8240045
:10F870000498A061A06908B1012000E0002050B9FF
:10F8800000BF502080F31188BFF34F8FBFF36F8FFD
:10F8900000BF00BFFEE7A06941192B462A4620465B
:10F8A000FFF7EEFE11E094F8240000F0020018B912
:10F8B000204600F001FC05E094F8240020F001004F
:10F8C00084F8240001E0FFE700BF00BF002203A985
:10F8D0000448006801F0D4F900287FF456AF07B05F
:10F8E000F0BD000080000020F8B505460C4600F091
:10F8F0007BFE684600F04CF80646009820BB44B9F1
:10F90000B54206D801F0AEFD31462846FFF700FFAC
:10F910001CE03CB10E480068006808B9012000E016
:10F9200000200446A91B22460A48006800F07CFC1F
:10F9300001F098FD50B94FF0805007490860BFF3BF
:10F940004F8FBFF36F8F01E001F08CFDF8BD000019
:10F950007C0000208000002004ED00E00A490968D6
:10F96000096809B9012100E0002121B14FF0FF3100
:10F97000064A116006E004490968C968C868034A74
:10F980004168116070470000400000206C000020BA
:10F9900070B5044601F002FC054607480068854240
:10F9A00004D200F063F80120206001E00020206014
:10F9B00001480560284670BD880000202DE9F0430D
:10F9C00002460D460027106800284CD01046D0F89B
:10F9D0000480D8F80480C0F8048000F10808D0F84A
:10F9E0000490C14505D1D0F80480D8F80480C0F84F
:10F9F0000480D0F80480D8F80C6000BF1046D0F81E
:10FA00000480D8F80480C0F8048000F10808D0F819
:10FA10000490C14505D1D0F80480D8F80480C0F81E
:10FA20000480D0F80480D8F80C104FF0000C0023AC
:10FA300011E001F13400C45CE85CA04202D04FF058
:10FA4000010C03E014B90F464FF0010CBCF1000F9C
:10FA500000D002E05B1C102BEBD300BF07B101E02C
:10FA6000B142CBD100BF3846BDE8F0832DE9F84361
:10FA700034E025480068C068056823480068C0680D
:10FA8000C468201D00F06EFA2046216A884794F869
:10FA9000240000F0040008B3A0694619AE4207D95B
:10FAA00066602461211D1848006800F097FA15E08F
:10FAB000002003462A4601460090204601F090FDB2
:10FAC000074657B900BF502080F31188BFF34F8F0E
:10FAD000BFF36F8F00BF00BFFEE700BF0A4800689A
:10FAE000006808B9012000E000200028C1D00648C5
:10FAF000D0F8008005480068034908600348C0F852
:10FB00000080BDE8F8830000780000207C00002021
:10FB10000E480068401C08B9012000E0002050B9E0
:10FB200000BF502080F31188BFF34F8FBFF36F8F5A
:10FB300000BF00BFFEE700BF502080F31188BFF375
:10FB40004F8FBFF36F8F00BF00BFFEE7AC000020F8
:10FB500008B500BF6846FFF751FC044620460099EF
:10FB6000FFF7C2FEFFF70EFEF4E770B5044600F0A3
:10FB70005BFA94F9455010E0606A08B9012000E092
:10FB8000002038B904F1240001F020FC18B100F085
:10FB900015FC00E003E0681E45B2002DECDC00BF60
:10FBA000FF2084F8450000F069FA00F03DFA94F96E
:10FBB000445010E0206908B9012000E0002048B955
:10FBC00004F1100001F002FC08B100F0F7FB681E20
:10FBD00045B200E001E0002DECDC00BFFF2084F81E
:10FBE000440000F04BFA70BD2DE9F04104464FF09F
:10FBF000000800F0F9FC4948006808B9FFF712FC5A
:10FC0000474800682040002870D1D4B1083404F07F
:10FC10000700B0B104F00700C0F10800044404F08C
:10FC2000070008B9012000E0002050B900BF5020B3
:10FC300080F31188BFF34F8FBFF36F8F00BF00BFFA
:10FC4000FEE7002C52D03748006884424ED8364E2A
:10FC50003046056801E02E462D686868A04202D251
:10FC600028680028F7D12D48006885423ED03068CA
:10FC700000F10808286830606868001B102819D94E
:10FC80002F1907F0070008B9012000E0002050B943
:10FC900000BF502080F31188BFF34F8FBFF36F8FE9
:10FCA00000BF00BFFEE76868001B78606C603846E4
:10FCB000FFF7B2FC1B4968680968081A194908600F
:10FCC0000846006819490968884203D21548006847
:10FCD000164908601249686809680843686000208E
:10FCE000286013480068401C1149086001F0BAFB05
:10FCF00008F0070008B9012000E0002050B900BF5B
:10FD0000502080F31188BFF34F8FBFF36F8F00BF78
:10FD100000BFFEE74046BDE8F081000094000020EF
:10FD2000A8000020980000208C0000209C000020EB
:10FD3000A0000020001F4FF080730360001F21F01F
:10FD400001030360001F054B036014380260001FAD
:10FD50006FF00203036020387047000011FB0008B9
:10FD60001A480088A0F5806000EE100AB8EEC00ABC
:10FD70009FED171AC0EE010AB7EE000A20EE800AC6
:10FD8000144880ED000A11484088C0F5806000EEFC
:10FD9000100AB8EEC00A9FED0E1AC0EE010AB7EEC7
:10FDA000000A20EE800A0B4880ED010A0748407ADD
:10FDB000400000EE100AB8EEC00ADFED070A20EEA0
:10FDC000200A044880ED060A70470000207E0020CB
:10FDD00000002544D47D0020DB0F494090ED000A4F
:10FDE0001349C988C1F5806100EE901AF8EEE00A67
:10FDF000BFEE001A60EE810A9FED0E1A00EE810A36
:10FE000080ED000A90ED010A09498988A1F5806119
:10FE100000EE901AF8EEE00ABFEE001A60EE810ADA
:10FE20009FED041A00EE810A80ED010A7047000080
:10FE3000207E002017B7D138837A82F828307047A7
:10FE400010B500EE100A2DED028BB1EEC08A18EE4F
:10FE5000100A20F00040C0F1FF40C00F0AD010EEA1
:10FE6000100A20F00040C0F1FF40C00F04BF012085
:10FE7000F0F7E0FB18EE100ABDEC028B10BD00009D
:10FE800090ED110ADFED070A30EE600ADFED060A99
:10FE900020EE200ADFED050A80EE201A80ED121A0E
:10FEA000704700000080BF450000B44300000046DA
:10FEB00070B506460D4600F0B7F818480068C06CEB
:10FEC00088B901201549096881F850005DB1012108
:10FED0002846FFF70DF94FF0805011490860BFF335
:10FEE0004F8FBFF36F8F00F0C9F800F09DF80B48FB
:10FEF0000068C46C4CB126B1002008490968C86488
:10FF000003E0601E05490968C864002003490968C8
:10FF100081F8500000F0B2F8204670BD3C0000208F
:10FF200004ED00E010B502460B460B2B01D2002079
:10FF300010BD00210DE0505CAA2808D15418A07A09
:10FF4000FF2803D1064804600120F1E700BF481CE8
:10FF500081B2A3F10B008842EDD20020E8E7000057
:10FF6000F800002001460A69D1E901309860D1E922
:10FF7000010358605068884201D1886850600020B1
:10FF800008611068401E106010687047034B0360E2
:10FF9000034B0B6080231360704700009802002021
:10FFA000EC020020034B0360034B0B604FF48073A3
:10FFB00013607047EC0400204005002000F10801A8
:10FFC00041604FF0FF31816000F10801C1600161C3
:10FFD00000210160704700210161704710B50246A1
:10FFE0000B685C1C0CB9106907E002F1080000E026
:10FFF0004068446824689C42FAD944684C604C6864
:020000040801F1
:10000000A160886041600A611468641C146010BDBE
:1000100042684A6093688B60936859609160086198
:1000200003685B1C0360704700BF502080F3118899
:10003000BFF34F8FBFF36F8F00BF0E480068401CA7
:100040000C49086008460068012812D10A48006877
:10005000C0B208B9012000E0002050B900BF502014
:1000600080F31188BFF34F8FBFF36F8F00BF00BFC6
:10007000FEE77047AC00002004ED00E00D4800688A
:1000800050B900BF502080F31188BFF34F8FBFF3EA
:100090006F8F00BF00BFFEE706480068401E05499D
:1000A00008600846006820B9002080F3118800BF6E
:1000B00000BF7047AC00002070B506463546002EE4
:1000C00044D0083D2C46224960680968084008B1C0
:1000D000012000E0002050B900BF502080F31188BB
:1000E000BFF34F8FBFF36F8F00BF00BFFEE72068E5
:1000F00008B9012000E0002050B900BF502080F373
:100100001188BFF34F8FBFF36F8F00BF00BFFEE7B3
:100110000F49606809680840C0B12068B0B90C494F
:10012000606809688843606000F05EFA09496068A9
:1001300009680844074908602046FFF76DFA064839
:100140000068401C0449086001F08CF970BD000093
:10015000A800002098000020A400002000204FF0FC
:10016000E02108618861064800684FF47A71B0FBAD
:10017000F1F0401E4FF0E021486107200861704710
:100180003800002070B5F0F7CBF80446102C16D3D9
:1001900004F1E02090F8F05315480078854201DB27
:1001A000012000E0002050B900BF502080F31188EA
:1001B000BFF34F8FBFF36F8F00BF00BFFEE70D4847
:1001C000006800F4E0600C490968884201D8012009
:1001D00000E0002050B900BF502080F31188BFF329
:1001E0004F8FBFF36F8F00BF00BFFEE770BD0000F1
:1001F000B00000200CED00E0B4000020024600201A
:100200000BE0084B53F8303033B9064B43F830104D
:1002100003EBC0035A6002E0401C0828F1D300BF82
:1002200070470000B80D00202DE9F04105460E464C
:1002300017462C46FFF7F8FE94F94400401C10B90D
:10024000002084F8440094F94500401C10B90020B7
:1002500084F84500FFF712FFA06B28B93A463146F3
:1002600004F1240000F044F92046FFF77EFCBDE8CD
:10027000F081000070B504460025D4B11248006832
:1002800008B9012000E0002050B900BF502080F3E1
:100290001188BFF34F8FBFF36F8F00BF00BFFEE722
:1002A00000F0A2F900212046FEF722FF01F0DAF863
:1002B00005463DB94FF0805004490860BFF34F8FA9
:1002C000BFF36F8F70BD00007400002004ED00E0EC
:1002D0002DE9F04704460F464FF0000954B900BF1E
:1002E000502080F31188BFF34F8FBFF36F8F00BF93
:1002F00000BFFEE70FB1012000E0002050B900BFB1
:10030000502080F31188BFF34F8FBFF36F8F00BF72
:1003100000BFFEE72048006808B9012000E0002087
:1003200050B900BF502080F31188BFF34F8FBFF347
:100330006F8F00BF00BFFEE700F056F91748066850
:100340002068C5192068B04207D92068A8420BD997
:10035000B54209D94FF0010906E02068A84201D84A
:10036000B54201D94FF001092560B9F1000F03D062
:10037000A81B0021FEF7BCFE01F074F88046B8F11E
:10038000000F07D14FF0805005490860BFF34F8F31
:10039000BFF36F8FBDE8F08774000020500000208D
:1003A00004ED00E003490968016003490968416000
:1003B0007047000064000020500000200120014927
:1003C00008607047600000202DE9F04105460F46A7
:1003D00055B900BF502080F31188BFF34F8FBFF392
:1003E0006F8F00BF00BFFEE7FFF7CCFE2C4600BFBB
:1003F0005021EFF3118081F31188BFF34F8FBFF3CA
:100400006F8F00BF064694F85080022084F8500099
:10041000E06C401CE064B8F1010F3AD1A06A08B961
:10042000012000E0002050B900BF502080F3118867
:10043000BFF34F8FBFF36F8F00BF00BFFEE71848B9
:100440000068A8B9201DFFF78DFD94F82C1001203D
:10045000884014490968084312490860E16A01EBC1
:100460008101114A02EB8100211DFFF7D1FD04E05B
:1004700004F118010D48FFF7CBFD0D49E06A09684A
:10048000C96A884205D90FB10120386001200949A5
:10049000086000BF86F3118800BFBDE8F08100004E
:1004A0007400002054000020F80D0020AC0E002045
:1004B0003C0000206000002070B504460D4654B991
:1004C00000BF502080F31188BFF34F8FBFF36F8FB1
:1004D00000BF00BFFEE70548016818312046FFF75E
:1004E0007DFD01212846FEF703FE70BD3C00002083
:1004F00070B505460E46144655B900BF502080F32E
:100500001188BFF34F8FBFF36F8F00BF00BFFEE7AF
:100510000648016818312846FFF77AFD0CB14FF004
:10052000FF3621463046FEF7E3FD70BD3C0000205B
:1005300010B586B000200590049003AA04A905A870
:10054000FFF724FD0022DDE904101346CDE9002168
:1005500002901EA11F48039A00F0CCFC1E490860BF
:100560000846006808B1012400E00024012C02D1F3
:1005700000F0FAFF0446012C15D100BF502080F393
:100580001188BFF34F8FBFF36F8F00BF4FF0FF3065
:1005900012490860012012490860002011490860D2
:1005A00000F092F810E0601C08B1012000E000208B
:1005B00050B900BF502080F31188BFF34F8FBFF3B5
:1005C0006F8F00BF00BFFEE706B010BD49444C4529
:1005D00000000000A1F40008700000206C00002062
:1005E000580000205000002002480068401C0149CB
:1005F00008607047740000201D48006818B1012091
:100600001C49086032E000201A4908601A48006856
:10061000B0FA80F0C0F11F0101EB8100174A52F8D7
:10062000200008B1012000E0002050B900BF502098
:1006300080F31188BFF34F8FBFF36F8F00BF00BFF0
:10064000FEE701EB81020D4B03EB8200426852682A
:10065000426000F108024368934202D14268526846
:1006600042604268D268064B1A6000BF70470000C3
:10067000740000206000002054000020F80D0020CD
:100680003C00002070B505460C4600260DB1022C3A
:1006900001DC002070BDA01E81B20A4802882846F5
:1006A000FEF7E0F90646F1B2A01E285C814206D1B1
:1006B000601E285CB0EB162F01D10120EAE7002074
:1006C000E8E70000620100201CB55248006852496A
:1006D000884201D0012000E0002050B900BF502026
:1006E00080F31188BFF34F8FBFF36F8F00BF00BF40
:1006F000FEE7484800684849491E884201D0012069
:1007000000E0002050B900BF502080F31188BFF3F3
:100710004F8FBFF36F8F00BF00BFFEE73F49084612
:1007200000780190FF200A4610700846007800907B
:100730009DF8000000F0F0009DF80020904201D1EB
:10074000012000E0002050B900BF502080F3118844
:10075000BFF34F8FBFF36F8F00BF00BFFEE79DF861
:10076000000000F050002E4A107007202D4A106043
:1007700009E02C480068401E2A4A10609DF80000DD
:100780004006000E00909DF8000000F080008028D8
:10079000EFD024480068C0F10700042801D10120EF
:1007A00000E0002050B900BF502080F31188BFF353
:1007B0004F8FBFF36F8F00BF00BFFEE7194800687F
:1007C0000002184A10601046008800F4E0601060D3
:1007D000124A019810700F482030006840F47000F1
:1007E0000C49203108600846006840F070400860FD
:1007F000FFF7B4FC00200C490860EFF759FD0B48E7
:10080000006840F0404009490860EFF73DFD0020D6
:100810001CBD000000ED00E071C20F4100E400E0EB
:10082000B0000020B4000020AC00002034EF00E055
:1008300010B500BF502080F31188BFF34F8FBFF376
:100840006F8F00BF00F0BAFC18B14FF08050044920
:10085000086000BF002080F3118800BF10BD0000B9
:1008600004ED00E02DE9F84380460E4617461D468C
:10087000DDF82090B8F1000F01D0012000E0002049
:1008800050B900BF502080F31188BFF34F8FBFF3E2
:100890006F8F00BF00BFFEE70DB1012000E0002018
:1008A00050B900BF502080F31188BFF34F8FBFF3C2
:1008B0006F8F00BF00BFFEE707B10EB1012000E05F
:1008C000002050B900BF502080F31188BFF34F8F34
:1008D000BFF36F8F00BF00BFFEE707B90EB901205D
:1008E00000E0002050B900BF502080F31188BFF312
:1008F0004F8FBFF36F8F00BF00BFFEE7482000900F
:100900000098482801D1012000E0002050B900BF24
:10091000502080F31188BFF34F8FBFF36F8F00BF5C
:1009200000BFFEE700BF2C464CB1012084F8460012
:100930004B463A46314640460094FEF7C5FD2046F8
:10094000BDE8F88370B505460E462C4654B900BF85
:10095000502080F31188BFF34F8FBFF36F8F00BF1C
:1009600000BFFEE7FFF760FBD4E90F12206801FB30
:100970000200A0600020A06320686060E06B401E61
:10098000226C216800FB0211E160FF2084F8440022
:1009900084F845009EB9206908B9012000E00020D4
:1009A000A8B904F1100000F011FD80B14FF08050A3
:1009B00009490860BFF34F8FBFF36F8F07E004F161
:1009C0001000FFF7FBFA04F12400FFF7F7FAFFF736
:1009D00055FB012070BD000004ED00E02DE9FF4350
:1009E00083B0064688461D464FF00009344654B988
:1009F00000BF502080F31188BFF34F8FBFF36F8F7C
:100A000000BF00BFFEE7B8F1000F01D1206C08B9AC
:100A1000012000E0002050B900BF502080F3118871
:100A2000BFF34F8FBFF36F8F00BF00BFFEE7022DF4
:100A300002D1E06B012801D1012000E0002050B973
:100A400000BF502080F31188BFF34F8FBFF36F8F2B
:100A500000BF00BFFEE700F091FB08B9059808B998
:100A6000012000E0002050B900BF502080F3118821
:100A7000BFF34F8FBFF36F8F00BF00BFFEE700BF14
:100A8000FFF7D2FAA06BE16B884201D3022D28D187
:100A90002A4641462046FEF74AFC0746606A08B9E6
:100AA000012000E0002068B904F1240000F08EFC71
:100AB00088B14FF0805032490860BFF34F8FBFF3C9
:100AC0006F8F08E03FB14FF080502D490860BFF3B1
:100AD0004F8FBFF36F8FFFF7D1FA012007B0BDE84A
:100AE000F083059818B9FFF7C9FA0020F6E7B9F1C5
:100AF000000F04D101A8FFF755FC4FF00109FFF7E3
:100B0000BDFAFFF771FDFFF78FFA94F94400401C1E
:100B100010B9002084F8440094F94500401C10B935
:100B2000002084F84500FFF7A9FA05A901A800F004
:100B30005BF9F0B92046FEF7DCFDA0B104F110002E
:100B40000599FFF7B9FC2046FFF70FF800F08AFC83
:100B5000002895D14FF0805009490860BFF34F8FAE
:100B6000BFF36F8F8CE72046FEF7FFFF00F07AFCA3
:100B700086E72046FEF7F9FF00F074FC0020ADE7A1
:100B800004ED00E02DE9F84F07468A4690461E46E0
:100B90003C4654B900BF502080F31188BFF34F8FFB
:100BA000BFF36F8F00BF00BFFEE7BAF1000F01D1A6
:100BB000206C08B9012000E0002050B900BF50208F
:100BC00080F31188BFF34F8FBFF36F8F00BF00BF5B
:100BD000FEE7022E02D1E06B012801D1012000E0E6
:100BE000002050B900BF502080F31188BFF34F8F11
:100BF000BFF36F8F00BF00BFFEE7FFF7C3FA00BF70
:100C00005021EFF3118081F31188BFF34F8FBFF3B1
:100C10006F8F00BF0546A06BE16B884201D3022EA7
:100C200025D194F945B0A06B00903246514620463C
:100C3000FEF77DFB0BF1010088B9606A08B901205D
:100C400000E0002050B904F1240000F0BFFB28B1FF
:100C5000B8F1000F02D00120C8F8000004E00BF149
:100C6000010040B284F845004FF0010901E04FF067
:100C7000000900BF85F3118800BF4846BDE8F88F22
:100C80002DE9F74183B005460E464FF000082C468B
:100C900054B900BF502080F31188BFF34F8FBFF3CA
:100CA0006F8F00BF00BFFEE70EB9206C08B90120AE
:100CB00000E0002050B900BF502080F31188BFF33E
:100CC0004F8FBFF36F8F00BF00BFFEE700F056FAF3
:100CD00008B9059808B9012000E0002050B900BF0C
:100CE000502080F31188BFF34F8FBFF36F8F00BF89
:100CF00000BFFEE700BFFFF797F9A76BF7B13146DA
:100D00002046FEF7FFFA781EA063206908B901208B
:100D100000E0002060B904F1100000F057FB38B18A
:100D20004FF080502F490860BFF34F8FBFF36F8F94
:100D3000FFF7A4F9012006B0BDE8F081059818B9C5
:100D4000FFF79CF90020F6E7B8F1000F04D101A8E5
:100D5000FFF728FB4FF00108FFF790F9FFF744FC7D
:100D6000FFF762F994F94400401C10B9002084F8A0
:100D7000440094F94500401C10B9002084F8450057
:100D8000FFF77CF905A901A800F02EF8F0B920467C
:100D9000FEF7A2FCA0B104F124000599FFF78CFB3B
:100DA0002046FEF7E2FE00F05DFB0028A3D14FF0E5
:100DB00080500C490860BFF34F8FBFF36F8F9AE7E5
:100DC0002046FEF7D2FE00F04DFB94E72046FEF7EA
:100DD000CCFE00F047FB2046FEF77EFC00288AD0C0
:100DE0000020A8E704ED00E070B506460C4656B9B1
:100DF00000BF502080F31188BFF34F8FBFF36F8F78
:100E000000BF00BFFEE754B900BF502080F3118837
:100E1000BFF34F8FBFF36F8F00BF00BFFEE7FFF739
:100E200003F9184802687068131A1748006890F8A8
:100E3000520030B100201449096881F852000125A0
:100E40001CE02068401C08B9002517E00F493068F5
:100E50000968884204D07068904201D801250DE0ED
:100E60002068984207D92068C01A20603046FFF7F2
:100E700099FA002502E0002020600125FFF7FEF826
:100E8000284670BD500000203C0000206400002077
:100E90002DE9FF4F85B0804689461746DDE912AB44
:100EA000B800FEF7A1FE064656B15420FEF79CFEA0
:100EB00004460CB1266304E03046FFF7FDF800E07D
:100EC00000248CB1002084F85100CDE900ABCDE9BD
:100ED00002403A4649464046089BFEF708FB20463A
:100EE000FEF758F9012501E04FF0FF35284609B01B
:100EF000BDE8F08F2DE9F04F85B007468846914652
:100F00009A46DDE90EB6109C0EB1012000E00020EB
:100F100050B900BF502080F31188BFF34F8FBFF34B
:100F20006F8F00BF00BFFEE70CB1012000E0002082
:100F300050B900BF502080F31188BFF34F8FBFF32B
:100F40006F8F00BF00BFFEE7542003900398542822
:100F500001D1012000E0002050B900BF502080F3F3
:100F60001188BFF34F8FBFF36F8F00BF00BFFEE745
:100F700000BFB4B1AEB125462C462E63022085F8E1
:100F80005100002004A953464A46CDE900B1CDE9FD
:100F9000025041463846FEF7AAFA2846FEF7FAF80C
:100FA00001E000200490049805B0BDE8F08F000037
:100FB0002DE9F04706460D46174698464FF0010AC0
:100FC00056B900BF502080F31188BFF34F8FBFF395
:100FD0006F8F00BF00BFFEE73446FFF725F8B8F17A
:100FE000000F02D0E06CC8F8000094F85090022086
:100FF00084F85000052F17D2DFE807F01503070B20
:101000000D00E06C2843E06421E0E06C401CE064EB
:101010001DE0E5641BE0B9F1020F01D0E56401E0D9
:101020004FF0000A13E012E0E06C401C08B9012008
:1010300000E0002050B900BF502080F31188BFF3BA
:101040004F8FBFF36F8F00BF00BFFEE700BF00BF31
:10105000B9F1010F33D1201DFEF784FF94F82C1055
:101060000120884018490968084317490860E16A67
:1010700001EB8101154A02EB8100211DFEF7C8FF3B
:10108000A06A08B9012000E0002050B900BF50203C
:1010900080F31188BFF34F8FBFF36F8F00BF00BF86
:1010A000FEE70B49E06A0968C96A884207D94FF030
:1010B000805008490860BFF34F8FBFF36F8FFEF772
:1010C000DDFF5046BDE8F08754000020F80D0020F9
:1010D0003C00002004ED00E070B5064607253046D0
:1010E000EFF7B9F9102801D2012000E0002050B933
:1010F00000BF502080F31188BFF34F8FBFF36F8F75
:1011000000BF00BFFEE7FFF76FFA00BF6D1E05EBE3
:101110008501154A02EB81003146FEF74FFC04467B
:1011200004B101E0002DF1D100BF2CB931460F48C8
:101130000068FEF743FC04462CB931460C480068B1
:10114000FEF73CFC044624B931460A48FEF736FC5B
:10115000044624B931460848FEF730FC044600F046
:1011600081F9204670BD0000F80D002040000020ED
:1011700044000020D40E0020C00E0020054909685C
:1011800009B9012005E00449096809B9022000E015
:1011900000207047580000207400002001490868B2
:1011A000704700005000002070B5FEF7EBFF0025EF
:1011B00001480468204670BD500000202DE9F04130
:1011C0004FF000084448006800287CD1434800687C
:1011D000451C4248056015BB41480068006808B9D5
:1011E000012000E0002050B900BF502080F311889A
:1011F000BFF34F8FBFF36F8F00BF00BFFEE73848CC
:10120000076838480068364908603648076036483D
:101210000068401C34490860FEF7A0FB00BF33485B
:10122000006885423CD300BF2D480068006808B9BB
:10123000012000E0002020B14FF0FF302B49086072
:101240002DE027480068C068C4686668B54202D2CD
:101250002648066023E0201DFEF784FEA06A18B130
:1012600004F11800FEF77EFE94F82C10012088404F
:101270001F49096808431E490860E16A01EB8101C2
:101280001C4A02EB8100211DFEF7C2FE1A49E06AEA
:101290000968C96A8842C7D34FF00108C4E700BF94
:1012A00015480068C06A00EB8000124951F8200020
:1012B000012801D94FF001081048006808B14FF02B
:1012C000010805E0FFE70E480068401C0C49086073
:1012D0004046BDE8F081000074000020500000206E
:1012E0004000002044000020640000206C0000202A
:1012F00054000020F80D00203C0000206000002079
:101300005C00002070B505462C460026002D55D007
:101310002B480068844201D1012000E0002050B930
:1013200000BF502080F31188BFF34F8FBFF36F8F42
:1013300000BF00BFFEE7A06C50B900BF502080F393
:101340001188BFF34F8FBFF36F8F00BF00BFFEE761
:10135000A06C401EA064616CE06A88422ED0A06C34
:1013600060BB201DFEF7FEFD78B9E06A00EB80004F
:10137000144951F8200040B994F82C1001208840FD
:1013800011490968814310480160606CE062E06ABD
:10139000C0F10700A06194F82C10012088400A4990
:1013A0000968084308490860E16A01EB8101054AC0
:1013B00002EB8100211DFEF72BFE0126304670BD99
:1013C0003C000020F80D00205400002070B50646B7
:1013D000F068C46854B900BF502080F31188BFF38F
:1013E0004F8FBFF36F8F00BF00BFFEE704F11800FF
:1013F000FEF7B8FD15480068A8B9201DFEF7B2FD3C
:1014000094F82C10012088401149096808431049BC
:101410000860E16A01EB81010E4A02EB8100211DA7
:10142000FEF7F6FD04E004F118010B48FEF7F0FDAD
:101430000A49E06A0968C96A884204D9012501207D
:101440000749086000E00025284670BD74000020B0
:1014500054000020F80D0020AC0E00203C000020BD
:101460006000002070B5002400263648006850B99E
:1014700000BF502080F31188BFF34F8FBFF36F8FF1
:1014800000BF00BFFEE7FEF7CFFD2E480068401EFC
:101490002C4908600846006800284FD12A48006897
:1014A00000284BD024E02948C068C46804F1180023
:1014B000FEF758FD201DFEF755FD94F82C10012075
:1014C000884023490968084321490860E16A01EB23
:1014D0008101204A02EB8100211DFEF799FD1E4982
:1014E000E06A0968C96A884202D301201B49086082
:1014F0001648006808B9012000E000200028D2D07A
:101500000CB1FEF72BFA1648056865B100BFFFF76E
:1015100055FE10B10120114908606D1E002DF6D155
:1015200000200F4908600D48006838B101263007D7
:101530000C490860BFF34F8FBFF36F8FFEF79EFD1E
:10154000304670BD740000204C000020AC0E00201E
:1015500054000020F80D00203C0000206000002016
:101560005C00002004ED00E010B586B00024FDF71B
:101570006BFE16480068D0B100200590049003AAC5
:1015800004A905A8FEF70EFD0222DDE904100023E0
:10159000CDE9002102900EA10F48039AFFF7AAFCA3
:1015A0000E4908600846006800B1012400BF54B924
:1015B00000BF502080F31188BFF34F8FBFF36F8FB0
:1015C00000BF00BFFEE7204606B010BD800000202F
:1015D000546D72205376630051FB00088400002094
:1015E0002DE9FF4704460D4616461F46DDF83080BC
:1015F0004FF0000954B900BF502080F31188BFF3A9
:101600004F8FBFF36F8F00BF00BFFEE71448006825
:1016100010B3009501960294062D15DAFFF7AEFD82
:10162000022808D10023424669460D480068FFF7AA
:10163000D5F9814610E000231A466946084800683B
:10164000FFF7CCF9814607E000233A466946044893
:101650000068FFF797FA8146484604B0BDE8F08776
:101660008000002090ED000ADFED0D0AB4EEE00AE4
:10167000F1EE10FA02DD9FED0A0A0DE090ED000A8E
:10168000DFED080AB4EEE00AF1EE10FA02D29FEDA7
:10169000050A01E090ED000A80ED000A70470000A5
:1016A00000003443000034C3D0ED001AF0EE610AAC
:1016B000D1ED001AB0EE611A70EEC11AB0EE610AF7
:1016C000DFED0F1AB4EEE10AF1EE10FA08DDD0ED0D
:1016D000001A9FED0C2A71EEC21AC0ED001A0EE03E
:1016E000DFED091AB4EEE10AF1EE10FA07D2D0EDFF
:1016F000001A9FED042A71EE821AC0ED001A70479D
:10170000000034430000B443000034C34FF0407085
:10171000E1EE100A70470000941D0108A16700085F
:1017200003000000000000000002000000000000B4
:1017300000000000841D0108651000080200000080
:101740000000000000020000000000000000000097
:10175000581D0108A5250008020000000000000037
:10176000000200000000000000000000741D0108DD
:101770006D7A000801000000000000000002000077
:101780000000000000000000481D010861CE0008B4
:101790000200000000000000000100000000000046
:1017A00000000000281D0108E1770008000000008B
:1017B0000000000000010000000000000000000028
:1017C000381D0108C90D0008FFFF000000000000DF
:1017D000800000000000000000000000641D0108FF
:1017E000FD120008020000000000000000020000DE
:1017F0000000000000000000000610160006101691
:1018000000000000000000000102030406070809B0
:1018100000000000010203040000803F00000000FF
:101820000000000000000000005EBCE2613FDD83BC
:10183000C29C7E20A3FD1F419DC3217FFCA2401EB0
:101840005F01E3BD3E6082DC237D9FC1421CFEA0A0
:10185000E1BF5D0380DE3C62BEE0025CDF81633D90
:101860007C22C09E1D43A1FF4618FAA427799BC580
:1018700084DA3866E5BB5907DB856739BAE4065870
:101880001947A5FB7826C49A653BD987045AB8E660
:10189000A7F91B45C6987A24F8A6441A99C7257B50
:1018A0003A6486D85B05E7B98CD2306EEDB3510F40
:1018B0004E10F2AC2F7193CD114FADF3702ECC9230
:1018C000D38D6F31B2EC0E50AFF1134DCE90722C20
:1018D0006D33D18F0C52B0EE326C8ED0530DEFB110
:1018E000F0AE4C1291CF2D73CA947628ABF5174900
:1018F0000856B4EA6937D58B5709EBB536688AD4F0
:1019000095CB2977F4AA4816E9B7550B88D6346ADF
:101910002B7597C94A14F6A8742AC896154BA9F7CF
:10192000B6E80A54D7896B350000891112239B321F
:101930002446AD573665BF74488CC19D5AAFD3BE9F
:101940006CCAE5DB7EE9F7F88110080193331A22AF
:10195000A5562C47B7753E64C99C408DDBBF52AE7F
:10196000EDDA64CBFFF976E802218B30100299138F
:101970002667AF763444BD554AADC3BC588ED19F5F
:101980006EEBE7FA7CC8F5D983310A20911218036F
:10199000A7772E66B5543C45CBBD42ACD99E508F3F
:1019A000EFFB66EAFDD874C904428D5316619F703F
:1019B0002004A9153227BB364CCEC5DF5EEDD7FC1F
:1019C0006888E1997AABF3BA85520C4397711E602F
:1019D000A1142805B3373A26CDDE44CFDFFD56ECFF
:1019E000E9986089FBBB72AA06638F7214409D510F
:1019F0002225AB343006B9174EEFC7FE5CCCD5DDDF
:101A00006AA9E3B8788AF19B87730E6295501C41EE
:101A1000A3352A24B1163807CFFF46EEDDDC54CDBE
:101A2000EBB962A8F99A708B088481951AA793B6CE
:101A30002CC2A5D33EE1B7F04008C919522BDB3ABE
:101A4000644EED5F766DFF7C899400859BB712A68E
:101A5000ADD224C3BFF136E0C1184809D33B5A2A9E
:101A6000E55E6C4FF77D7E6C0AA583B4188691976E
:101A70002EE3A7F23CC0B5D14229CB38500AD91B7E
:101A8000666FEF7E744CFD5D8BB502A4999610874E
:101A9000AFF326E2BDD034C1C3394A28D11A580B5E
:101AA000E77F6E6EF55C7C4D0CC685D71EE597F41E
:101AB0002880A1913AA3B3B2444ACD5B5669DF783E
:101AC000600CE91D722FFB3E8DD604C79FF516E40E
:101AD000A9902081BBB332A2C55A4C4BD7795E681E
:101AE000E11C680DF33F7A2E0EE787F61CC495D5EE
:101AF0002AA1A3B03882B193466BCF7A5448DD59FE
:101B0000622DEB3C700EF91F8FF706E69DD414C5CD
:101B1000ABB122A0B9923083C77B4E6AD5585C49DD
:101B2000E33D6A2CF11E780F0000891112239B32CD
:101B30002446AD573665BF74488CC19D5AAFD3BE9D
:101B40006CCAE5DB7EE9F7F88110080193331A22AD
:101B5000A5562C47B7753E64C99C408DDBBF52AE7D
:101B6000EDDA64CBFFF976E802218B30100299138D
:101B70002667AF763444BD554AADC3BC588ED19F5D
:101B80006EEBE7FA7CC8F5D983310A20911218036D
:101B9000A7772E66B5543C45CBBD42ACD99E508F3D
:101BA000EFFB66EAFDD874C904428D5316619F703D
:101BB0002004A9153227BB364CCEC5DF5EEDD7FC1D
:101BC0006888E1997AABF3BA85520C4397711E602D
:101BD000A1142805B3373A26CDDE44CFDFFD56ECFD
:101BE000E9986089FBBB72AA06638F7214409D510D
:101BF0002225AB343006B9174EEFC7FE5CCCD5DDDD
:101C00006AA9E3B8788AF19B87730E6295501C41EC
:101C1000A3352A24B1163807CFFF46EEDDDC54CDBC
:101C2000EBB962A8F99A708B088481951AA793B6CC
:101C30002CC2A5D33EE1B7F04008C919522BDB3ABC
:101C4000644EED5F766DFF7C899400859BB712A68C
:101C5000ADD224C3BFF136E0C1184809D33B5A2A9C
:101C6000E55E6C4FF77D7E6C0AA583B4188691976C
:101C70002EE3A7F23CC0B5D14229CB38500AD91B7C
:101C8000666FEF7E744CFD5D8BB502A4999610874C
:101C9000AFF326E2BDD034C1C3394A28D11A580B5C
:101CA000E77F6E6EF55C7C4D0CC685D71EE597F41C
:101CB0002880A1913AA3B3B2444ACD5B5669DF783C
:101CC000600CE91D722FFB3E8DD604C79FF516E40C
:101CD000A9902081BBB332A2C55A4C4BD7795E681C
:101CE000E11C680DF33F7A2E0EE787F61CC495D5EC
:101CF0002AA1A3B03882B193466BCF7A5448DD59FC
:101D0000622DEB3C700EF91F8FF706E69DD414C5CB
:101D1000ABB122A0B9923083C77B4E6AD5585C49DB
:101D2000E33D6A2CF11E780F726566657265655F2A
:101D30007461736B0000000063616C6962726174AE
:101D4000655F7461736B00007573627265636569CA
:101D500076655F7461736B0067696D62616C5F7457
:101D600061736B00636F6E74726F6C5F7461736B21
:101D70000000000073686F6F7465725F7461736B4D
:101D800000000000636861737369735F7461736B53
:101D900000000000696E735F7461736B00000000E7
:101DA00000000000920E493CB10AC93C2BC3163D0D
:101DB0002EFB483D752B7B3D04A9963D80B6AF3D7B
:101DC00036BDC83D2FBCE13D73B2FA3D87CF093E19
:101DD0008340163EB5AB223EA2102F3ECF6E3B3E57
:101DE000C2C5473E0115543E135C603E7F9A6C3E6F
:101DF000CCCF783EC07D823E938E883E229A8E3E26
:101E000032A0943E86A09A3EE59AA03E128FA63E4E
:101E1000D47CAC3EEF63B23E2A44B83E491DBE3E80
:101E200015EFC33E53B9C93ECA7BCF3E4136D53EBE
:101E300080E8DA3E4F92E03E7533E63EBBCBEB3EA8
:101E4000EA5AF13ECBE0F63E275DFC3EE4E7003F78
:101E50003D9C033F824B063F9BF5083F6B9A0B3F2F
:101E6000DA390E3FCDD3103F2A68133FD9F6153F1C
:101E7000C07F183FC6021B3FD17F1D3FCBF61F3FDF
:101E80009967223F25D2243F5636273F1594293F94
:101E90004AEB2B3FDE3B2E3FBB85303FC9C8323F6C
:101EA000F304353F233A373F4268393F3B8F3B3F8E
:101EB000F9AE3D3F67C73F3F70D8413F01E2433F26
:101EC00003E4453F65DE473F12D1493FF8BB4B3F36
:101ED000029F4D3F207A4F3F3D4D513F4918533FA0
:101EE00031DB543FE595563F5348583F6AF2593F1E
:101EF0001A945B3F532D5D3F05BE5E3F2146603F18
:101F000097C5613F5A3C633F59AA643F880F663FBB
:101F1000D86B673F3CBF683FA7096A3F0C4B6B3FDC
:101F20005E836C3F93B26D3F9ED86E3F73F56F3FFB
:101F30000809713F5213723F4714733FDD0B743F22
:101F40000BFA743FC6DE753F07BA763FC58B773F05
:101F5000F853783F9812793F9DC7793F02737A3FD3
:101F6000BE147B3FCDAC7B3F283B7C3FC9BF7C3F51
:101F7000AC3A7D3FCCAB7D3F23137E3FB0707E3FBC
:101F80006DC47E3F580E7F3F6D4E7F3FAB847F3FD9
:101F90000FB17F3F97D37F3F43EC7F3F11FB7F3FE4
:101FA0000000803F11FB7F3F43EC7F3F97D37F3F93
:101FB0000FB17F3FAB847F3F6D4E7F3F580E7F3F19
:101FC0006DC47E3FB0707E3F23137E3FCCAB7D3F20
:101FD000AC3A7D3FC9BF7C3F283B7C3FCDAC7B3FCB
:101FE000BE147B3F02737A3F9DC7793F9812793FB9
:101FF000F853783FC58B773F07BA763FC6DE753F0B
:102000000BFA743FDD0B743F4714733F5213723F5A
:102010000809713F73F56F3F9ED86E3F93B26D3FD5
:102020005E836C3F0C4B6B3FA7096A3F3CBF683F28
:10203000D86B673F880F663F59AA643F5A3C633F9D
:1020400097C5613F2146603F05BE5E3F532D5D3F12
:102050001A945B3F6AF2593F5348583FE595563F03
:1020600031DB543F4918533F3D4D513F207A4F3F9C
:10207000029F4D3FF8BB4B3F12D1493F65DE473FC2
:1020800003E4453F01E2433F70D8413F67C73F3F0C
:10209000F9AE3D3F3B8F3B3F4268393F233A373FE4
:1020A000F304353FC9C8323FBB85303FDE3B2E3F8E
:1020B0004AEB2B3F1594293F5636273F25D2243F24
:1020C0009967223FCBF61F3FD17F1D3FC6021B3FC2
:1020D000C07F183FD9F6153F2A68133FCDD3103F74
:1020E000DA390E3F6B9A0B3F9BF5083F824B063F58
:1020F0003D9C033FE4E7003F275DFC3ECBE0F63E1E
:10210000EA5AF13EBBCBEB3E7533E63E4F92E03EE2
:1021100080E8DA3E4136D53ECA7BCF3E53B9C93E50
:1021200015EFC33E491DBE3E2A44B83EEF63B23EA2
:10213000D47CAC3E128FA63EE59AA03E86A09A3E85
:1021400032A0943E229A8E3E938E883EC07D823E7F
:10215000CCCF783E7F9A6C3E135C603E0115543EB6
:10216000C2C5473ECF6E3B3EA2102F3EB5AB223ECE
:102170008340163E87CF093E73B2FA3D2FBCE13D46
:1021800036BDC83D80B6AF3D04A9963D752B7B3D5D
:102190002EFB483D2BC3163DB10AC93C920E493C6B
:1021A00000000000920E49BCB10AC9BC2BC316BD89
:1021B0002EFB48BD752B7BBD04A996BD80B6AFBD77
:1021C00036BDC8BD2FBCE1BD73B2FABD87CF09BE15
:1021D000834016BEB5AB22BEA2102FBECF6E3BBE53
:1021E000C2C547BE011554BE135C60BE7F9A6CBE6B
:1021F000CCCF78BEC07D82BE938E88BE229A8EBE22
:1022000032A094BE86A09ABEE59AA0BE128FA6BE4A
:10221000D47CACBEEF63B2BE2A44B8BE491DBEBE7C
:1022200015EFC3BE53B9C9BECA7BCFBE4136D5BEBA
:1022300080E8DABE4F92E0BE7533E6BEBBCBEBBEA4
:10224000EA5AF1BECBE0F6BE275DFCBEE4E700BF74
:102250003D9C03BF824B06BF9BF508BF6B9A0BBF2B
:10226000DA390EBFCDD310BF2A6813BFD9F615BF18
:10227000C07F18BFC6021BBFD17F1DBFCBF61FBFDB
:10228000996722BF25D224BF563627BF159429BF90
:102290004AEB2BBFDE3B2EBFBB8530BFC9C832BF68
:1022A000F30435BF233A37BF426839BF3B8F3BBF8A
:1022B000F9AE3DBF67C73FBF70D841BF01E243BF22
:1022C00003E445BF65DE47BF12D149BFF8BB4BBF32
:1022D000029F4DBF207A4FBF3D4D51BF491853BF9C
:1022E00031DB54BFE59556BF534858BF6AF259BF1A
:1022F0001A945BBF532D5DBF05BE5EBF214660BF14
:1023000097C561BF5A3C63BF59AA64BF880F66BFB7
:10231000D86B67BF3CBF68BFA7096ABF0C4B6BBFD8
:102320005E836CBF93B26DBF9ED86EBF73F56FBFF7
:10233000080971BF521372BF471473BFDD0B74BF1E
:102340000BFA74BFC6DE75BF07BA76BFC58B77BF01
:10235000F85378BF981279BF9DC779BF02737ABFCF
:10236000BE147BBFCDAC7BBF283B7CBFC9BF7CBF4D
:10237000AC3A7DBFCCAB7DBF23137EBFB0707EBFB8
:102380006DC47EBF580E7FBF6D4E7FBFAB847FBFD5
:102390000FB17FBF97D37FBF43EC7FBF11FB7FBFE0
:1023A000000080BF11FB7FBF43EC7FBF97D37FBF8F
:1023B0000FB17FBFAB847FBF6D4E7FBF580E7FBF15
:1023C0006DC47EBFB0707EBF23137EBFCCAB7DBF1C
:1023D000AC3A7DBFC9BF7CBF283B7CBFCDAC7BBFC7
:1023E000BE147BBF02737ABF9DC779BF981279BFB5
:1023F000F85378BFC58B77BF07BA76BFC6DE75BF07
:102400000BFA74BFDD0B74BF471473BF521372BF56
:10241000080971BF73F56FBF9ED86EBF93B26DBFD1
:102420005E836CBF0C4B6BBFA7096ABF3CBF68BF24
:10243000D86B67BF880F66BF59AA64BF5A3C63BF99
:1024400097C561BF214660BF05BE5EBF532D5DBF0E
:102450001A945BBF6AF259BF534858BFE59556BFFF
:1024600031DB54BF491853BF3D4D51BF207A4FBF98
:10247000029F4DBFF8BB4BBF12D149BF65DE47BFBE
:1024800003E445BF01E243BF70D841BF67C73FBF08
:10249000F9AE3DBF3B8F3BBF426839BF233A37BFE0
:1024A000F30435BFC9C832BFBB8530BFDE3B2EBF8A
:1024B0004AEB2BBF159429BF563627BF25D224BF20
:1024C000996722BFCBF61FBFD17F1DBFC6021BBFBE
:1024D000C07F18BFD9F615BF2A6813BFCDD310BF70
:1024E000DA390EBF6B9A0BBF9BF508BF824B06BF54
:1024F0003D9C03BFE4E700BF275DFCBECBE0F6BE1A
:10250000EA5AF1BEBBCBEBBE7533E6BE4F92E0BEDE
:1025100080E8DABE4136D5BECA7BCFBE53B9C9BE4C
:1025200015EFC3BE491DBEBE2A44B8BEEF63B2BE9E
:10253000D47CACBE128FA6BEE59AA0BE86A09ABE81
:1025400032A094BE229A8EBE938E88BEC07D82BE7B
:10255000CCCF78BE7F9A6CBE135C60BE011554BEB2
:10256000C2C547BECF6E3BBEA2102FBEB5AB22BECA
:10257000834016BE87CF09BE73B2FABD2FBCE1BD42
:1025800036BDC8BD80B6AFBD04A996BD752B7BBD59
:102590002EFB48BD2BC316BDB10AC9BC920E49BC67
:1025A00000000080C42501080000002098020000FF
:1025B000C4010008CC2601089802002010A10000E8
:1025C00020020008013032104201037124F41AAADB
:1025D00001814009E7416B3A58A08B3A2990157D5B
:1025E00004017C160240AB0341100905530806584C
:1025F00004070F160810820911160A15800B160021
:1026000009720C18010D701770170314FFFF4B822D
:10261000FF015A920839255AA208B11345BD1B087B
:102620008D041A9D041AC9041309BE1B0811081A47
:102630005504131201140202021640830440572667
:102640000201020301071E040309041A0313E50F24
:102650001B08E1041A9D041309101B0859044113B7
:102660000A0632021A4047111351B814084DB64CED
:10267000089BBA1C1321B7140845B51B080314C1E5
:102680001AC5181A81041A0D301A71081C09024360
:102690008B1125C03209041B01020B1305241610EF
:1026A0000105240110090104240202052406170172
:1026B00007058203081C100904C1320A2E07050110
:0C26C0000240072A8107248101820000EB
:040000050800018965
:00000001FF
